,open,high,low,close,adjclose,volume,ticker,adjclose_1,true_adjclose_1,buy_profit,sell_profit
1997-08-07,0.11249999701976776,0.11302100121974945,0.10625000298023224,0.10885400325059891,0.10885400325059891,40680000,AMZN,0.20327663,0.11458300054073332,0.005728997290134416,0.0
1997-08-21,0.10677099972963333,0.10859400033950806,0.10364600270986557,0.10572899878025055,0.10572899878025055,12480000,AMZN,0.23567234,0.10625000298023224,0.0005210041999816895,0.0
1997-09-05,0.12916700541973114,0.1333329975605011,0.12291699647903442,0.125,0.125,38160000,AMZN,0.30114183,0.15000000596046448,0.025000005960464478,0.0
1997-09-08,0.12656299769878387,0.15104199945926666,0.125,0.15000000596046448,0.15000000596046448,112968000,AMZN,0.27385685,0.16197900474071503,0.01197899878025055,0.0
1997-09-10,0.16562500596046448,0.16640600562095642,0.15625,0.1651040017604828,0.1651040017604828,77328000,AMZN,0.41993627,0.15781299769878387,-0.007291004061698914,0.0
1997-09-12,0.15937499701976776,0.18489600718021393,0.15781299769878387,0.18437500298023224,0.18437500298023224,66672000,AMZN,0.35242692,0.1546880006790161,-0.029687002301216125,0.0
1997-09-15,0.18333299458026886,0.18385399878025055,0.15260399878025055,0.1546880006790161,0.1546880006790161,111672000,AMZN,0.29085925,0.16770799458026886,0.013019993901252747,0.0
1997-09-16,0.15625,0.17708300054073334,0.15599000453948975,0.16770799458026886,0.16770799458026886,128640000,AMZN,0.34677428,0.1703130006790161,0.0026050060987472534,0.0
1997-09-17,0.17291699349880219,0.17499999701976776,0.16666699945926666,0.1703130006790161,0.1703130006790161,52152000,AMZN,0.3629235,0.1645829975605011,-0.005730003118515015,0.0
1997-09-29,0.20729200541973114,0.20937499403953552,0.19791699945926666,0.20208300650119781,0.20208300650119781,47424000,AMZN,0.30494362,0.2169270068407059,0.014844000339508084,0.0
1997-10-06,0.20000000298023224,0.20624999701976776,0.19713500142097473,0.20624999701976776,0.20624999701976776,40560000,AMZN,0.31401172,0.20286500453948975,-0.003384992480278015,0.0
1997-10-17,0.1807290017604828,0.18281300365924835,0.17604200541973114,0.18125000596046448,0.18125000596046448,50688000,AMZN,0.3362888,0.19114600121974942,0.009895995259284945,0.0
1997-10-21,0.19791699945926666,0.22187499701976776,0.19270800054073334,0.22135399281978607,0.22135399281978607,241920000,AMZN,0.38934696,0.22604200243949887,0.004688009619712802,0.0
1997-10-28,0.1958329975605011,0.25,0.19374999403953552,0.24739600718021393,0.24739600718021393,234384000,AMZN,0.35654274,0.2695310115814209,0.02213500440120697,0.0
1997-11-05,0.24895800650119781,0.25598999857902527,0.24375000596046448,0.24375000596046448,0.24375000596046448,61872000,AMZN,0.34461492,0.2330729961395264,-0.010677009820938083,0.0
1997-11-07,0.22083300352096558,0.23203100264072418,0.2192710041999817,0.22395800054073334,0.22395800054073334,52536000,AMZN,0.3278571,0.2104170024394989,-0.013540998101234436,0.0
1997-11-17,0.2114579975605011,0.2270829975605011,0.2109380066394806,0.21875,0.21875,147888000,AMZN,0.40912843,0.22083300352096558,0.002083003520965576,0.0
1997-11-18,0.21875,0.22395800054073334,0.2171880006790161,0.22083300352096558,0.22083300352096558,37320000,AMZN,0.41939434,0.2255209982395172,0.004687994718551636,0.0
1997-11-20,0.22864599525928497,0.23020799458026886,0.2255209982395172,0.22916699945926666,0.22916699945926666,118464000,AMZN,0.33233142,0.224479004740715,-0.0046879947185516635,0.0
1997-12-04,0.22005200386047363,0.2276040017604828,0.2192710041999817,0.22499999403953552,0.22499999403953552,60768000,AMZN,0.33495763,0.22968800365924838,0.004688009619712857,0.0
1997-12-12,0.23229199647903442,0.24010400474071503,0.22031299769878387,0.2270829975605011,0.2270829975605011,53448000,AMZN,0.41515902,0.22916699945926666,0.002084001898765564,0.0
1997-12-16,0.23229199647903442,0.23229199647903442,0.22291700541973114,0.22291700541973114,0.22291700541973114,33744000,AMZN,0.3413134,0.21953099966049194,-0.0033860057592391968,0.0
1997-12-18,0.21770800650119781,0.22135399281978607,0.2114579975605011,0.21458299458026886,0.21458299458026886,64080000,AMZN,0.42684782,0.22499999403953552,0.010416999459266663,0.0
1997-12-26,0.22812500596046448,0.23229199647903442,0.22447900474071503,0.2260420024394989,0.2260420024394989,9744000,AMZN,0.36615556,0.23749999701976776,0.01145799458026886,0.0
1998-01-08,0.2348960041999817,0.23515599966049194,0.2265630066394806,0.23072899878025055,0.23072899878025055,120312000,AMZN,0.34817493,0.21302099525928497,-0.017708003520965576,0.0
1998-01-21,0.24687500298023224,0.2583329975605011,0.24375000596046448,0.25364598631858826,0.25364598631858826,174768000,AMZN,0.41295242,0.2567709982395172,0.003125011920928955,0.0
1998-01-27,0.24088500440120697,0.2432290017604828,0.23333300650119781,0.23749999701976776,0.23749999701976776,82080000,AMZN,0.35294384,0.2385420054197311,0.0010420083999633512,0.0
1998-01-30,0.25,0.25312501192092896,0.24427099525928497,0.24583299458026886,0.24583299458026886,74448000,AMZN,0.3905642,0.25989601016044617,0.014063015580177307,0.0
1998-02-18,0.2572920024394989,0.2572920024394989,0.25260400772094727,0.25364598631858826,0.25364598631858826,59424000,AMZN,0.31945318,0.26145800948143005,0.007812023162841797,0.0
1998-02-23,0.2645829916000366,0.27083298563957214,0.26041701436042786,0.27031299471855164,0.27031299471855164,79560000,AMZN,0.36651406,0.27031299471855164,0.0,0.0
1998-02-25,0.2734380066394806,0.27708300948143005,0.26302099227905273,0.2744790017604828,0.2744790017604828,134904000,AMZN,0.58971286,0.3031249940395355,0.028645992279052734,0.0
1998-03-02,0.31614598631858826,0.3218750059604645,0.3125,0.31770798563957214,0.31770798563957214,219144000,AMZN,0.74808687,0.2989580035209656,-0.018749982118606567,0.0
1998-03-04,0.30000001192092896,0.30937498807907104,0.29166701436042786,0.3059900104999542,0.3059900104999542,146280000,AMZN,0.44020963,0.3125,0.006509989500045776,0.0
1998-03-10,0.35624998807907104,0.3677079975605011,0.34531301259994507,0.3462890088558197,0.3462890088558197,495000000,AMZN,0.72388667,0.33177098631858826,-0.014518022537231445,0.0
1998-03-16,0.3315100073814392,0.3364579975605011,0.3291670083999634,0.3291670083999634,0.3291670083999634,66240000,AMZN,0.4281373,0.33281299471855164,0.003645986318588257,0.0
1998-03-20,0.3499999940395355,0.35364601016044617,0.34635400772094727,0.3499999940395355,0.3499999940395355,128256000,AMZN,0.48232654,0.3492189943790436,-0.0007809996604919434,0.0
1998-03-26,0.34062498807907104,0.34895798563957214,0.33125001192092896,0.3447920083999634,0.3447920083999634,157560000,AMZN,0.5665298,0.35416701436042786,0.009375005960464478,0.0
1998-04-01,0.35520800948143005,0.37656301259994507,0.35012999176979065,0.3755210041999817,0.3755210041999817,289032000,AMZN,0.45375484,0.3960939943790436,0.02057299017906189,0.0
1998-04-09,0.38489601016044617,0.4000000059604645,0.3817709982395172,0.3968749940395355,0.3968749940395355,320688000,AMZN,0.56208324,0.39296901226043707,-0.0039059817790984552,0.0
1998-04-15,0.4083330035209656,0.41666701436042786,0.39375001192092896,0.40052101016044617,0.40052101016044617,223848000,AMZN,0.64764273,0.41041699051857,0.009895980358123835,0.0
1998-04-16,0.40052101016044617,0.41380199790000916,0.388280987739563,0.41041699051856995,0.41041699051856995,324888000,AMZN,0.49118346,0.39531299471855164,-0.01510399580001831,0.0
1998-04-23,0.36250001192092896,0.36250001192092896,0.3354170024394989,0.3375000059604645,0.3375000059604645,245064000,AMZN,0.49437663,0.35364601016044617,0.01614600419998169,0.0
1998-05-05,0.3916670083999634,0.3979170024394989,0.38802099227905273,0.3904950022697449,0.3904950022697449,119976000,AMZN,0.4200391,0.37656301259994507,-0.013931989669799805,0.0
1998-05-06,0.3916670083999634,0.3916670083999634,0.3755210041999817,0.37656301259994507,0.37656301259994507,148776000,AMZN,0.27435985,0.37916699051856995,0.0,-0.002603977918624878
1998-05-07,0.37916699051856995,0.38749998807907104,0.3677079975605011,0.37916699051856995,0.37916699051856995,277752000,AMZN,0.32454443,0.38489601016044617,0.0,-0.005729019641876221
1998-05-15,0.3828130066394806,0.38541701436042786,0.3729169964790344,0.3734380006790161,0.3734380006790161,92568000,AMZN,0.44816333,0.36692699790000916,-0.006511002779006958,0.0
1998-05-29,0.3578130006790161,0.37083300948143005,0.35624998807907104,0.3671880066394806,0.3671880066394806,172824000,AMZN,0.44756863,0.35677099227905273,-0.010417014360427856,0.0
1998-06-02,0.36354199051856995,0.37083300948143005,0.3458330035209656,0.36406299471855164,0.36406299471855164,164028000,AMZN,0.43181682,0.3520829975605011,-0.011979997158050537,0.0
1998-06-05,0.36458298563957214,0.36979201436042786,0.359375,0.3687500059604645,0.3687500059604645,68544000,AMZN,0.42011133,0.38541701436042786,0.01666700839996338,0.0
1998-06-08,0.36510398983955383,0.38593798875808716,0.36250001192092896,0.38541701436042786,0.38541701436042786,109260000,AMZN,0.4219094,0.42708298563957214,0.04166597127914429,0.0
1998-06-12,0.5291669964790344,0.5291669964790344,0.4854170083999634,0.5083330273628235,0.5083330273628235,433116000,AMZN,1.0701346,0.5479170083999634,0.03958398103713989,0.0
1998-07-02,0.9645829796791077,1.0458329916000366,0.9375,1.0333329439163208,1.0333329439163208,1045596000,AMZN,1.1512032,1.162500023841858,0.1291670799255371,0.0
1998-07-08,0.9322919845581055,0.9916669726371765,0.8531249761581421,0.8927080035209656,0.8927080035209656,1166232000,AMZN,1.2232618,0.8791670203208924,-0.013540983200073131,0.0
1998-07-24,1.0770829916000366,1.0958329439163208,0.9750000238418579,1.0354169607162476,1.0354169607162476,579480000,AMZN,1.2158861,1.046354055404663,0.010937094688415527,0.0
1998-07-29,1.0041669607162476,1.0125000476837158,0.8958330154418945,0.8984379768371582,0.8984379768371582,392892000,AMZN,0.83966863,0.9479169845581055,0.0,-0.049479007720947266
1998-08-07,0.9270830154418945,0.9906250238418579,0.9114580154418945,0.9666669964790344,0.9666669964790344,468660000,AMZN,1.0574481,1.0135420560836792,0.046875059604644775,0.0
1998-08-13,1.0885419845581055,1.125,1.0583330392837524,1.0625,1.0625,492588000,AMZN,1.0663106,1.0229170322418213,-0.03958296775817871,0.0
1998-08-21,1.0604170560836792,1.0856770277023315,1.0270830392837524,1.0807290077209473,1.0807290077209473,302724000,AMZN,1.0819763,1.1229170560836792,0.042188048362731934,0.0
1998-09-17,0.6703130006790161,0.6958330273628235,0.637499988079071,0.6416670083999634,0.6416670083999634,849156000,AMZN,1.1180904,0.6640629768371582,0.022395968437194824,0.0
1998-09-24,0.8927080035209656,0.9739580154418945,0.8458330035209656,0.8510419726371765,0.8510419726371765,1022484000,AMZN,1.3192539,0.9104170203208923,0.05937504768371582,0.0
1998-10-09,0.7520830035209656,0.765625,0.6979169845581055,0.7598959803581238,0.7598959803581238,414540000,AMZN,0.8855901,0.7765629887580872,0.01666700839996338,0.0
1998-10-12,0.809374988079071,0.8416669964790344,0.7749999761581421,0.7765629887580872,0.7765629887580872,436344000,AMZN,0.865653,0.7614579796791076,-0.015105009078979603,0.0
1998-10-14,0.7588539719581604,0.8135420083999634,0.7479169964790344,0.7791669964790344,0.7791669964790344,311808000,AMZN,0.6427488,0.8088539838790894,0.0,-0.02968698740005493
1998-10-15,0.7854170203208923,0.815625011920929,0.7708330154418945,0.8088539838790894,0.8088539838790894,339420000,AMZN,0.8255453,0.8286460041999817,0.019792020320892334,0.0
1998-10-30,1.0552079677581787,1.0817710161209106,1.0385420322418213,1.0536459684371948,1.0536459684371948,423648000,AMZN,1.3540368,1.0916670560836792,0.038021087646484375,0.0
1998-11-10,1.068750023841858,1.1666669845581055,1.0677080154418945,1.0979169607162476,1.0979169607162476,687516000,AMZN,1.2114258,1.0552079677581787,-0.04270899295806885,0.0
1998-11-12,1.0458329916000366,1.1072920560836792,1.0416669845581055,1.0916670560836792,1.0916670560836792,239496000,AMZN,1.045562,1.0645829439163208,0.0,0.0270841121673584
1998-11-13,1.0994789600372314,1.1124999523162842,1.0476560592651367,1.0645829439163208,1.0645829439163208,178812000,AMZN,1.1113762,1.0520830154418945,-0.01249992847442627,0.0
1998-11-23,1.5906250476837158,1.8208329677581787,1.5505210161209106,1.8166669607162476,1.8166669607162476,1355628000,AMZN,2.4893844,1.7875000238418584,-0.029166936874389204,0.0
1998-11-25,1.8041670322418213,1.8624999523162842,1.7083330154418945,1.7526040077209473,1.7526040077209473,550452000,AMZN,2.6531692,1.805207967758179,0.05260396003723167,0.0
1998-12-01,1.5458329916000366,1.7479170560836792,1.5166670083999634,1.7458330392837524,1.7458330392837524,943092000,AMZN,1.7164174,1.6625000238418577,0.0,0.08333301544189475
1998-12-02,1.7244789600372314,1.7291669845581055,1.6463539600372314,1.662500023841858,1.662500023841858,592980000,AMZN,1.934247,1.5791670083999638,-0.08333301544189409,0.0
1998-12-04,1.6291669607162476,1.6416670083999634,1.5208330154418945,1.5708329677581787,1.5708329677581787,445152000,AMZN,1.5226768,1.5916670560836794,0.0,-0.02083408832550071
1998-12-08,1.5802079439163208,1.7156250476837158,1.5708329677581787,1.7005209922790527,1.7005209922790527,510996000,AMZN,1.692887,1.8020830154418945,0.0,-0.1015620231628418
1998-12-10,1.8135420083999634,1.8666670322418213,1.7468750476837158,1.7760419845581055,1.7760419845581055,607236000,AMZN,2.2855556,1.8583329916000366,0.08229100704193115,0.0
1998-12-11,1.750520944595337,1.8666670322418213,1.75,1.8583329916000366,1.8583329916000366,509352000,AMZN,1.892861,1.8520829677581792,-0.006250023841857466,0.0
1998-12-17,2.200000047683716,2.4291670322418213,2.171354055404663,2.3062500953674316,2.3062500953674316,1352700000,AMZN,3.1744072,2.389062881469727,0.08281278610229537,0.0
1998-12-18,2.358333110809326,2.4083330631256104,2.315624952316284,2.3890628814697266,2.3890628814697266,459036000,AMZN,2.6650858,2.6562500000000004,0.2671871185302739,0.0
1999-01-05,2.739063024520874,3.2437500953674316,2.6624999046325684,3.112499952316284,3.112499952316284,1257464000,AMZN,3.3362358,3.4500000476837163,0.3375000953674321,0.0
1999-01-22,2.487499952316284,3.1468749046325684,2.46875,3.075000047683716,3.075000047683716,875316000,AMZN,3.5045617,2.8093750476837163,-0.26562499999999956,0.0
1999-01-25,3.0374999046325684,3.0843749046325684,2.75,2.809375047683716,2.809375047683716,546476000,AMZN,3.4114933,2.877343893051148,0.06796884536743208,0.0
1999-01-29,3.0406250953674316,3.0406250953674316,2.875,2.92343807220459,2.92343807220459,327920000,AMZN,2.9372048,2.896874904632569,-0.02656316757202104,0.0
1999-02-02,2.909374952316284,2.910938024520874,2.7125000953674316,2.7562499046325684,2.7562499046325684,260972000,AMZN,2.5827835,3.143749952316284,0.0,-0.3875000476837158
1999-02-08,2.859375,2.878124952316284,2.643749952316284,2.7281250953674316,2.7281250953674316,251964000,AMZN,2.6321537,2.5000000000000004,0.0,0.2281250953674312
1999-02-10,2.456249952316284,2.5843749046325684,2.375,2.4359378814697266,2.4359378814697266,264100000,AMZN,2.4767952,2.746875047683716,0.31093716621398926,0.0
1999-02-12,2.700000047683716,2.746875047683716,2.590625047683716,2.612499952316284,2.612499952316284,155308000,AMZN,2.7270954,2.465625047683716,-0.14687490463256836,0.0
1999-03-10,3.418750047683716,3.473438024520874,3.3499999046325684,3.4281249046325684,3.4281249046325684,282352000,AMZN,3.62327,3.371875047683716,-0.05624985694885254,0.0
1999-03-17,3.28281307220459,3.3375000953674316,3.206249952316284,3.2750000953674316,3.2750000953674316,157348000,AMZN,3.1093907,3.460937976837158,0.0,-0.18593788146972656
1999-03-18,3.3218750953674316,3.5,3.309375047683716,3.460937976837158,3.460937976837158,246004000,AMZN,3.433648,3.37656307220459,0.0,0.08437490463256836
1999-03-19,3.546875,3.5765628814697266,3.375,3.37656307220459,3.37656307220459,214504000,AMZN,3.5024579,3.299999952316284,-0.07656311988830566,0.0
1999-03-29,3.75,3.7874999046325684,3.700000047683716,3.7406249046325684,3.7406249046325684,377760000,AMZN,4.1458645,4.117187976837158,0.37656307220458984,0.0
1999-04-09,4.453125,4.650000095367432,4.393750190734863,4.571875095367432,4.571875095367432,136780000,AMZN,4.545879,4.61093807220459,0.0,-0.0390629768371582
1999-04-20,3.9328129291534424,4.357812881469727,3.8375000953674316,4.300000190734863,4.300000190734863,400100000,AMZN,4.476936,4.481249809265137,0.18124961853027344,0.0
1999-04-26,5.224999904632568,5.396874904632568,5.099999904632568,5.179687976837158,5.179687976837158,279700000,AMZN,5.6182775,5.146874904632568,-0.032813072204589844,0.0
1999-05-14,3.328125,3.3687500953674316,3.2453129291534424,3.309375047683716,3.309375047683716,225336000,AMZN,3.2688766,3.440624952316284,0.0,-0.13124990463256836
1999-05-18,3.410938024520874,3.4375,3.273437976837158,3.315624952316284,3.315624952316284,248156000,AMZN,3.6266327,3.489063024520874,0.17343807220458984,0.0
1999-05-19,3.348438024520874,3.4906249046325684,3.3375000953674316,3.489063024520874,3.489063024520874,252384000,AMZN,3.5021772,3.2703130245208736,-0.21875000000000044,0.0
1999-05-26,2.82968807220459,3.046875,2.612499952316284,3.023437976837158,3.023437976837158,423172000,AMZN,3.041384,2.864063024520874,-0.15937495231628418,0.0
1999-05-27,2.9906249046325684,3.0140628814697266,2.8499999046325684,2.864063024520874,2.864063024520874,271468000,AMZN,3.1746547,2.9687499999999996,0.10468697547912553,0.0
1999-06-04,2.640625,2.75,2.5406250953674316,2.710937976837158,2.710937976837158,389836000,AMZN,2.692593,2.934375047683716,0.0,-0.22343707084655762
1999-06-08,3.0,3.034374952316284,2.7593750953674316,2.789062976837158,2.789062976837158,276888000,AMZN,2.9209528,2.8499999046325684,0.060936927795410156,0.0
1999-06-11,2.878124952316284,2.924999952316284,2.6187500953674316,2.645313024520874,2.645313024520874,277732000,AMZN,2.6743762,2.2999999523162846,-0.3453130722045894,0.0
1999-06-16,2.53281307220459,2.825000047683716,2.5250000953674316,2.7921879291534424,2.7921879291534424,434144000,AMZN,2.9721267,2.8234379291534424,0.03125,0.0
1999-06-22,3.07968807220459,3.237499952316284,2.9124999046325684,2.9375,2.9375,334588000,AMZN,3.1698775,2.9437499046325684,0.006249904632568359,0.0
1999-06-30,2.9124999046325684,3.231250047683716,2.875,3.128124952316284,3.128124952316284,338124000,AMZN,3.2491672,3.059375047683716,-0.06874990463256836,0.0
1999-07-22,2.910938024520874,2.9281249046325684,2.6187500953674316,2.6703128814697266,2.6703128814697266,1150944000,AMZN,2.6337628,2.864063024520874,0.0,-0.19375014305114746
1999-07-27,2.7249999046325684,2.7593750953674316,2.503124952316284,2.5250000953674316,2.5250000953674316,475396000,AMZN,3.0136516,2.6437499523162846,0.11874985694885298,0.0
1999-07-28,2.5496089458465576,2.653125047683716,2.4906249046325684,2.643749952316284,2.643749952316284,515672000,AMZN,2.7902193,2.539062976837158,-0.10468697547912598,0.0
1999-08-02,2.4593749046325684,2.5531249046325684,2.348438024520874,2.3499999046325684,2.3499999046325684,339356000,AMZN,2.4155498,2.3718750476837163,0.021875143051147905,0.0
1999-08-05,2.18906307220459,2.450000047683716,2.049999952316284,2.4312500953674316,2.4312500953674316,750340000,AMZN,2.403447,2.239063024520874,0.0,0.19218707084655762
1999-08-10,2.1343750953674316,2.304687976837158,2.049999952316284,2.2750000953674316,2.2750000953674316,463900000,AMZN,2.330382,2.2734379768371586,-0.0015621185302729934,0.0
1999-08-11,2.309375047683716,2.3812499046325684,2.129688024520874,2.273437976837158,2.273437976837158,513100000,AMZN,2.5795653,2.293750047683716,0.020312070846557617,0.0
1999-08-12,2.2750000953674316,2.393749952316284,2.234375,2.293750047683716,2.293750047683716,262816000,AMZN,2.5639997,2.4359378814697266,0.14218783378601074,0.0
1999-08-23,2.898437976837158,3.012500047683716,2.893749952316284,2.9593749046325684,2.9593749046325684,384120000,AMZN,2.9799554,3.00156307220459,0.042188167572021484,0.0
1999-08-24,2.9000000953674316,3.137500047683716,2.898437976837158,3.00156307220459,3.00156307220459,500200000,AMZN,3.0474453,3.3218750953674316,0.3203120231628418,0.0
1999-08-30,3.18906307220459,3.25,2.9468750953674316,2.981250047683716,2.981250047683716,369888000,AMZN,2.8153589,3.1093750000000004,0.0,-0.12812495231628462
1999-08-31,2.9593749046325684,3.117187976837158,2.804687976837158,3.109375,3.109375,655848000,AMZN,2.972727,2.976562976837158,0.0,0.1328120231628418
1999-09-10,3.296875,3.4000000953674316,3.2437500953674316,3.325000047683716,3.325000047683716,248418000,AMZN,3.365127,3.165625095367432,-0.15937495231628374,0.0
1999-09-22,3.143749952316284,3.325000047683716,3.034374952316284,3.299999952316284,3.299999952316284,200750000,AMZN,3.3661664,3.112499952316284,-0.1875,0.0
1999-09-29,3.325000047683716,4.25,3.2874999046325684,4.037499904632568,4.037499904632568,1587488000,AMZN,3.9652355,3.996875047683716,0.0,0.04062485694885254
1999-10-01,3.8499999046325684,3.9625000953674316,3.832813024520874,3.862499952316284,3.862499952316284,208606000,AMZN,3.796918,3.8531250953674316,0.0,0.009374856948852539
1999-10-04,3.971874952316284,3.987499952316284,3.7874999046325684,3.8531250953674316,3.8531250953674316,195148000,AMZN,3.794083,3.9218749999999996,0.0,-0.06874990463256792
1999-10-05,3.856250047683716,3.987499952316284,3.737499952316284,3.921875,3.921875,328402000,AMZN,3.7417893,4.121874809265137,0.0,-0.19999980926513672
1999-10-13,4.125,4.25,3.9781250953674316,3.996875047683716,3.996875047683716,231236000,AMZN,3.8596082,3.979687929153443,0.0,0.017187118530272993
1999-10-15,3.793750047683716,3.8531250953674316,3.6968750953674316,3.753124952316284,3.753124952316284,243738000,AMZN,3.7098548,3.703125,0.0,0.04999995231628418
1999-10-20,3.9156250953674316,4.03125,3.817188024520874,4.025000095367432,4.025000095367432,154710000,AMZN,4.126483,4.037499904632568,0.012499809265136719,0.0
1999-10-29,3.637500047683716,3.640625,3.4625000953674316,3.53125,3.53125,193776000,AMZN,4.2550707,3.456249952316284,-0.07500004768371582,0.0
1999-11-12,3.6875,3.75,3.5406250953674316,3.746875047683716,3.746875047683716,206392000,AMZN,3.6353896,3.674999952316284,0.0,0.07187509536743164
1999-11-19,3.893749952316284,3.90625,3.8031249046325684,3.8968749046325684,3.8968749046325684,115212000,AMZN,3.8523076,4.025000095367432,0.0,-0.12812519073486328
1999-12-13,5.331250190734863,5.331250190734863,5.074999809265137,5.125,5.125,173074000,AMZN,4.9428816,4.78125,0.0,0.34375
1999-12-23,4.900000095367432,4.949999809265137,4.453125,4.5,4.5,258292000,AMZN,4.569885,4.056250095367432,-0.44374990463256836,0.0
2000-01-03,4.074999809265137,4.478125095367432,3.9523439407348633,4.46875,4.46875,322352000,AMZN,4.6788025,4.096875190734863,-0.3718748092651367,0.0
2000-01-13,3.246875047683716,3.359375,3.15625,3.296875,3.296875,208962000,AMZN,3.4095812,3.212500095367431,-0.0843749046325688,0.0
2000-01-14,3.3375000953674316,3.4312500953674316,3.200000047683716,3.2125000953674316,3.2125000953674316,137072000,AMZN,3.443033,3.206249952316284,-0.006250143051147461,0.0
2000-01-21,3.231250047683716,3.231250047683716,3.0,3.1031250953674316,3.1031250953674316,229238000,AMZN,3.057828,3.5062499046325684,0.0,-0.4031248092651367
2000-02-17,3.5625,3.565624952316284,3.4000000953674316,3.450000047683716,3.450000047683716,122592000,AMZN,3.4573312,3.2374999523162846,-0.2125000953674312,0.0
2000-02-23,3.2437500953674316,3.5875000953674316,3.234375,3.5218749046325684,3.5218749046325684,168824000,AMZN,3.6790738,3.4218750000000004,-0.09999990463256792,0.0
2000-02-24,3.528125047683716,3.5687499046325684,3.28125,3.421875,3.421875,117386000,AMZN,3.6323464,3.456249952316284,0.03437495231628418,0.0
2000-03-03,3.1624999046325684,3.237499952316284,3.1031250953674316,3.125,3.125,121190000,AMZN,3.285073,3.196875095367431,0.0718750953674312,0.0
2000-03-06,3.143749952316284,3.362499952316284,3.140625,3.1968750953674316,3.1968750953674316,153316000,AMZN,3.3490028,3.174999952316284,-0.02187514305114746,0.0
2000-03-15,3.237499952316284,3.2562499046325684,3.0999999046325684,3.1875,3.1875,121654000,AMZN,3.1559072,3.3125,0.0,-0.125
2000-03-17,3.3031249046325684,3.3187499046325684,3.2249999046325684,3.2406249046325684,3.2406249046325684,105970000,AMZN,3.4575815,3.209374904632569,-0.031249999999999556,0.0
2000-03-24,3.731250047683716,3.762500047683716,3.565624952316284,3.6343750953674316,3.6343750953674316,194920000,AMZN,3.769594,3.65625,0.02187490463256836,0.0
2000-03-31,3.3375000953674316,3.356250047683716,3.1500000953674316,3.3499999046325684,3.3499999046325684,102310000,AMZN,3.3743482,3.1781249046325684,-0.171875,0.0
2000-04-03,3.2718749046325684,3.284374952316284,3.0999999046325684,3.1781249046325684,3.1781249046325684,97308000,AMZN,3.2356026,3.196875095367431,0.018750190734862837,0.0
2000-04-06,3.171875,3.2750000953674316,3.09375,3.2125000953674316,3.2125000953674316,120654000,AMZN,3.339504,3.378124952316284,0.16562485694885254,0.0
2000-04-26,2.6656250953674316,2.871875047683716,2.6226561069488525,2.674999952316284,2.674999952316284,240128000,AMZN,2.8060324,2.6437499523162846,-0.031249999999999556,0.0
2000-05-01,2.799999952316284,3.015625,2.762500047683716,2.996875047683716,2.996875047683716,171570000,AMZN,3.0271134,2.8062500953674316,-0.19062495231628418,0.0
2000-05-08,2.840625047683716,2.9625000953674316,2.7718749046325684,2.800781011581421,2.800781011581421,79000000,AMZN,2.8407319,2.8125000000000004,0.011718988418579546,0.0
2000-05-11,2.6968750953674316,2.7874999046325684,2.546875,2.7437500953674316,2.7437500953674316,111616000,AMZN,2.8657491,2.6875,-0.05625009536743164,0.0
2000-05-19,2.731250047683716,2.7874999046325684,2.612499952316284,2.6312499046325684,2.6312499046325684,92218000,AMZN,2.5483675,2.59375,0.0,0.03749990463256836
2000-05-24,2.3218750953674316,2.487499952316284,2.0218749046325684,2.4281249046325684,2.4281249046325684,233332000,AMZN,2.3426046,2.2750000953674316,0.0,0.15312480926513672
2000-05-30,2.3656249046325684,2.59375,2.3656249046325684,2.5875000953674316,2.5875000953674316,112264000,AMZN,2.8418825,2.415625095367432,-0.17187499999999956,0.0
2000-06-07,2.59375,2.609375,2.5062499046325684,2.590625047683716,2.590625047683716,76824000,AMZN,2.5351892,2.59375,0.0,-0.0031249523162841797
2000-06-12,2.609375,2.609375,2.3499999046325684,2.421875,2.421875,79720000,AMZN,2.4226475,2.450000047683716,0.02812504768371582,0.0
2000-06-14,2.465625047683716,2.4937500953674316,2.299999952316284,2.3218750953674316,2.3218750953674316,100410000,AMZN,2.5027516,2.3156249523162846,-0.006250143051147017,0.0
2000-07-06,1.84375,1.868749976158142,1.7374999523162842,1.803125023841858,1.803125023841858,135342000,AMZN,1.7904131,1.806249976158142,0.0,-0.0031249523162841797
2000-07-11,1.759374976158142,1.7625000476837158,1.631250023841858,1.65625,1.65625,197930000,AMZN,1.6953659,1.7531249523162842,0.09687495231628418,0.0
2000-07-19,2.075000047683716,2.078125,1.9500000476837158,2.043750047683716,2.043750047683716,94874000,AMZN,2.0603726,2.0156250000000004,-0.028125047683715376,0.0
2000-07-20,2.046875,2.168750047683716,1.975000023841858,2.015625,2.015625,138914000,AMZN,1.9642999,2.056250095367432,0.0,-0.040625095367432085
2000-07-25,1.837499976158142,1.9375,1.662500023841858,1.881250023841858,1.881250023841858,555050000,AMZN,1.7172289,1.8031250238418584,0.0,0.07812499999999956
2000-08-17,1.899999976158142,1.953125,1.84375,1.912500023841858,1.912500023841858,99482000,AMZN,1.9647084,1.9500000476837158,0.03750002384185791,0.0
2000-08-31,2.15625,2.159374952316284,2.0718750953674316,2.075000047683716,2.075000047683716,92326000,AMZN,2.3159394,2.075000047683716,0.0,0.0
2000-09-21,1.8718750476837158,2.0250000953674316,1.8624999523162842,2.003124952316284,2.003124952316284,148512000,AMZN,2.194716,2.071875095367432,0.0687501430511479,0.0
2000-09-29,1.9500000476837158,2.0625,1.881250023841858,1.921875,1.921875,130342000,AMZN,2.0581021,1.7937500476837158,-0.12812495231628418,0.0
2000-10-13,1.212499976158142,1.443750023841858,1.1749999523162842,1.421875,1.421875,152668000,AMZN,1.5458848,1.2156250476837158,-0.20624995231628418,0.0
2000-11-08,1.7999999523162842,1.850000023841858,1.662500023841858,1.693750023841858,1.693750023841858,116706000,AMZN,1.6611444,1.5624999999999998,0.0,0.13125002384185813
2000-11-10,1.537500023841858,1.59375,1.5,1.5031249523162842,1.5031249523162842,105112000,AMZN,1.6063659,1.390625,-0.11249995231628418,0.0
2000-11-24,1.321094036102295,1.4562499523162842,1.303125023841858,1.446874976158142,1.446874976158142,152786000,AMZN,1.7538238,1.399999976158142,-0.046875,0.0
2000-11-29,1.256250023841858,1.375,1.212499976158142,1.3468749523162842,1.3468749523162842,229264000,AMZN,1.55918,1.234375,-0.11249995231628418,0.0
2000-12-06,1.234375,1.2999999523162842,1.181249976158142,1.181249976158142,1.181249976158142,176516000,AMZN,1.2940894,1.068750023841858,-0.11249995231628418,0.0
2000-12-07,1.1531250476837158,1.171875,1.006250023841858,1.068750023841858,1.068750023841858,212950000,AMZN,1.1310604,1.171875,0.10312497615814209,0.0
2000-12-27,0.800000011920929,0.871874988079071,0.778124988079071,0.84375,0.84375,131976000,AMZN,0.9745372,0.8687499761581421,0.02499997615814209,0.0
2001-01-16,0.9156249761581421,0.918749988079071,0.862500011920929,0.903124988079071,0.903124988079071,120340000,AMZN,0.9152317,0.918749988079071,0.015625,0.0
2001-01-18,0.918749988079071,0.9750000238418579,0.8968750238418579,0.9750000238418579,0.9750000238418579,82316000,AMZN,1.0300381,0.996874988079071,0.021874964237213135,0.0
2001-02-09,0.715624988079071,0.737500011920929,0.668749988079071,0.668749988079071,0.668749988079071,149080000,AMZN,0.75949776,0.7250000238418579,0.056250035762786865,0.0
2001-02-12,0.706250011920929,0.75,0.685155987739563,0.7250000238418579,0.7250000238418579,105906000,AMZN,0.8664923,0.6875,-0.03750002384185791,0.0
2001-02-14,0.706250011920929,0.737500011920929,0.675000011920929,0.721875011920929,0.721875011920929,162468000,AMZN,0.7736516,0.7250000238418579,0.003125011920928955,0.0
2001-02-15,0.675000011920929,0.731249988079071,0.675000011920929,0.7250000238418579,0.7250000238418579,327690000,AMZN,0.818078,0.684374988079071,-0.040625035762786865,0.0
2001-02-23,0.59375,0.6031249761581421,0.5531250238418579,0.590624988079071,0.590624988079071,102998000,AMZN,0.75053525,0.596875011920929,0.00625002384185791,0.0
2001-03-01,0.4937500059604645,0.534375011920929,0.47968798875808716,0.5218750238418579,0.5218750238418579,219934000,AMZN,0.7643417,0.5,-0.02187502384185791,0.0
2001-03-05,0.6187499761581421,0.653124988079071,0.574999988079071,0.6312500238418579,0.6312500238418579,470014000,AMZN,0.7849041,0.59375,-0.03750002384185791,0.0
2001-03-06,0.653905987739563,0.699999988079071,0.5625,0.59375,0.59375,463830000,AMZN,1.0112349,0.612500011920929,0.018750011920928955,0.0
2001-03-08,0.596875011920929,0.6000000238418579,0.581250011920929,0.5843750238418579,0.5843750238418579,99152000,AMZN,0.6818615,0.612500011920929,0.028124988079071045,0.0
2001-03-09,0.5718749761581421,0.625,0.5687500238418579,0.612500011920929,0.612500011920929,177134000,AMZN,0.61875975,0.53125,-0.08125001192092896,0.0
2001-03-16,0.53125,0.5531250238418579,0.512499988079071,0.550000011920929,0.550000011920929,139684000,AMZN,0.6292897,0.5249999761581421,-0.025000035762786865,0.0
2001-03-21,0.518750011920929,0.5218750238418579,0.5,0.5,0.5,110132000,AMZN,0.62913126,0.5093749761581421,0.00937497615814209,0.0
2001-03-30,0.5059999823570251,0.5419999957084656,0.49549999833106995,0.5115000009536743,0.5115000009536743,71168000,AMZN,0.62148327,0.45500001311302185,-0.056499987840652466,0.0
2001-04-05,0.45100000500679016,0.4650000035762787,0.4359999895095825,0.4560000002384186,0.4560000002384186,108484000,AMZN,0.61883205,0.41850000619888306,-0.03749999403953552,0.0
2001-04-10,0.5619999766349792,0.675000011920929,0.5600000023841858,0.6004999876022339,0.6004999876022339,377208000,AMZN,1.0355352,0.6660000085830688,0.06550002098083496,0.0
2001-04-12,0.6524999737739563,0.7505000233650208,0.6499999761581421,0.7335000038146973,0.7335000038146973,230600000,AMZN,0.92657036,0.7014999985694885,-0.03200000524520874,0.0
2001-04-16,0.7250000238418579,0.7269999980926514,0.6825000047683716,0.7014999985694885,0.7014999985694885,126202000,AMZN,0.85742414,0.7369999885559082,0.03549998998641968,0.0
2001-04-17,0.690500020980835,0.7434999942779541,0.6875,0.7369999885559082,0.7369999885559082,101470000,AMZN,0.7695247,0.8270000219345093,0.09000003337860107,0.0
2001-04-18,0.7829999923706055,0.9079999923706055,0.7774999737739563,0.8270000219345093,0.8270000219345093,391100000,AMZN,0.8901589,0.7994999885559081,-0.027500033378601185,0.0
2001-05-09,0.7774999737739563,0.7829999923706055,0.75,0.7505000233650208,0.7505000233650208,93420000,AMZN,0.89690924,0.7310000061988831,-0.019500017166137695,0.0
2001-05-14,0.7264999747276306,0.7264999747276306,0.6579999923706055,0.6664999723434448,0.6664999723434448,123884000,AMZN,0.74469084,0.6769999861717224,0.010500013828277588,0.0
2001-05-25,0.8324999809265137,0.8765000104904175,0.8184999823570251,0.8544999957084656,0.8544999957084656,138574000,AMZN,0.9291271,0.8610000014305116,0.0065000057220460095,0.0
2001-05-31,0.7919999957084656,0.8600000143051147,0.7875000238418579,0.8345000147819519,0.8345000147819519,192640000,AMZN,0.9807012,0.8475000262260437,0.013000011444091797,0.0
2001-06-15,0.6504999995231628,0.6729999780654907,0.6150000095367432,0.6244999766349792,0.6244999766349792,153432000,AMZN,0.75615734,0.5914999842643738,-0.03299999237060547,0.0
2001-06-22,0.656499981880188,0.6635000109672546,0.6190000176429749,0.6200000047683716,0.6200000047683716,126334000,AMZN,0.82389176,0.640500009059906,0.020500004291534424,0.0
2001-06-25,0.6355000138282776,0.6570000052452087,0.6284999847412109,0.640500009059906,0.640500009059906,138940000,AMZN,0.7709504,0.6625000238418579,0.022000014781951904,0.0
2001-07-12,0.7850000262260437,0.8270000219345093,0.7850000262260437,0.8245000243186951,0.8245000243186951,119530000,AMZN,0.93121696,0.8489999771118164,0.024499952793121338,0.0
2001-07-16,0.847000002861023,0.8709999918937683,0.8004999756813049,0.8004999756813049,0.8004999756813049,146316000,AMZN,0.9259534,0.8174999952316284,0.017000019550323486,0.0
2001-07-17,0.7919999957084656,0.8245000243186951,0.7914999723434448,0.8174999952316284,0.8174999952316284,74124000,AMZN,0.91784406,0.7979999780654906,-0.019500017166137806,0.0
2001-07-19,0.8075000047683716,0.8399999737739563,0.8069999814033508,0.8245000243186951,0.8245000243186951,104256000,AMZN,0.9101099,0.8489999771118164,0.024499952793121338,0.0
2001-07-26,0.5835000276565552,0.637499988079071,0.5615000128746033,0.6165000200271606,0.6165000200271606,210050000,AMZN,0.723845,0.612500011920929,-0.0040000081062316895,0.0
2001-08-01,0.6365000009536743,0.6430000066757202,0.6085000038146973,0.625,0.625,110212000,AMZN,0.7071455,0.609499990940094,-0.015500009059906006,0.0
2001-08-13,0.5049999952316284,0.5149999856948853,0.4884999990463257,0.5059999823570251,0.5059999823570251,96630000,AMZN,0.72084635,0.5264999866485596,0.020500004291534424,0.0
2001-08-23,0.5065000057220459,0.5080000162124634,0.47850000858306885,0.4814999997615814,0.4814999997615814,80014000,AMZN,0.59086895,0.5115000009536743,0.030000001192092896,0.0
2001-08-24,0.492000013589859,0.5149999856948853,0.4860000014305115,0.5115000009536743,0.5115000009536743,75598000,AMZN,0.62368983,0.5065000057220459,-0.004999995231628418,0.0
2001-08-31,0.4350000023841858,0.4650000035762787,0.4345000088214874,0.44699999690055847,0.44699999690055847,72832000,AMZN,0.6168283,0.429500013589859,-0.017499983310699463,0.0
2001-09-19,0.3675000071525574,0.3725000023841858,0.3319999873638153,0.36550000309944153,0.36550000309944153,188730000,AMZN,0.43033835,0.3740000128746032,0.008500009775161688,0.0
2001-09-25,0.37450000643730164,0.3785000145435333,0.35100001096725464,0.3544999957084656,0.3544999957084656,97262000,AMZN,0.4265977,0.3174999952316284,-0.03700000047683716,0.0
2001-09-27,0.32350000739097595,0.3319999873638153,0.28349998593330383,0.3100000023841858,0.3100000023841858,165500000,AMZN,0.46506292,0.2985000014305115,-0.011500000953674316,0.0
2001-10-03,0.3084999918937683,0.3605000078678131,0.3009999990463257,0.33799999952316284,0.33799999952316284,106470000,AMZN,0.45620042,0.35199999809265137,0.013999998569488525,0.0
2001-10-05,0.34850001335144043,0.39500001072883606,0.3370000123977661,0.36000001430511475,0.36000001430511475,118018000,AMZN,0.49884537,0.35600000619888306,-0.0040000081062316895,0.0
2001-10-31,0.3395000100135803,0.35100001096725464,0.32749998569488525,0.3490000069141388,0.3490000069141388,154830000,AMZN,0.58257616,0.3474999964237213,-0.0015000104904174805,0.0
2001-11-13,0.3720000088214874,0.3765000104904175,0.36000001430511475,0.3644999861717224,0.3644999861717224,122726000,AMZN,0.46534917,0.4745000004768372,0.1100000143051148,0.0
2001-11-20,0.45350000262260437,0.4650000035762787,0.4300000071525574,0.4300000071525574,0.4300000071525574,149040000,AMZN,0.540651,0.4399999976158142,0.009999990463256836,0.0
2001-11-21,0.43700000643730164,0.44850000739097595,0.4020000100135803,0.4399999976158142,0.4399999976158142,179932000,AMZN,0.5288177,0.45399999618530273,0.013999998569488525,0.0
2001-11-26,0.49149999022483826,0.6110000014305115,0.49000000953674316,0.6104999780654907,0.6104999780654907,1013784000,AMZN,0.56153023,0.5740000009536743,0.0,0.036499977111816406
2001-11-27,0.6025000214576721,0.612500011920929,0.5609999895095825,0.5740000009536743,0.5740000009536743,686176000,AMZN,1.370175,0.5795000195503235,0.00550001859664917,0.0
2001-11-28,0.5619999766349792,0.6200000047683716,0.5590000152587891,0.5795000195503235,0.5795000195503235,970324000,AMZN,0.80073094,0.5575000047683716,-0.022000014781951904,0.0
2001-11-29,0.5945000052452087,0.5950000286102295,0.5394999980926514,0.5575000047683716,0.5575000047683716,405480000,AMZN,1.3321655,0.5659999847412109,0.008499979972839355,0.0
2001-12-10,0.5774999856948853,0.6075000166893005,0.5720000267028809,0.5824999809265137,0.5824999809265137,170318000,AMZN,0.5709013,0.6119999885559082,0.0,-0.02950000762939453
2001-12-12,0.6215000152587891,0.6215000152587891,0.5814999938011169,0.5954999923706055,0.5954999923706055,161502000,AMZN,0.8151071,0.5444999933242798,-0.050999999046325684,0.0
2001-12-14,0.5550000071525574,0.5600000023841858,0.5034999847412109,0.550000011920929,0.550000011920929,200492000,AMZN,0.60914415,0.5404999852180481,-0.00950002670288086,0.0
2001-12-28,0.5454999804496765,0.5540000200271606,0.534500002861023,0.5450000166893005,0.5450000166893005,205158000,AMZN,0.629109,0.5410000085830688,-0.0040000081062316895,0.0
2002-01-02,0.546500027179718,0.550000011920929,0.5239999890327454,0.5479999780654907,0.5479999780654907,130392000,AMZN,0.5389558,0.5950000286102295,0.0,-0.04700005054473877
2002-01-03,0.5565000176429749,0.597000002861023,0.5525000095367432,0.5950000286102295,0.5950000286102295,217514000,AMZN,0.6551629,0.612500011920929,0.017499983310699463,0.0
2002-01-09,0.5979999899864197,0.6085000038146973,0.5649999976158142,0.5764999985694885,0.5764999985694885,217592000,AMZN,0.6167561,0.5519999861717224,-0.024500012397766113,0.0
2002-02-01,0.703499972820282,0.7045000195503235,0.6675000190734863,0.6865000128746033,0.6865000128746033,156028000,AMZN,0.68273413,0.6265000104904175,0.0,0.06000000238418579
2002-02-05,0.5989999771118164,0.6144999861717224,0.5580000281333923,0.574999988079071,0.574999988079071,286314000,AMZN,0.8114665,0.5630000233650208,-0.011999964714050293,0.0
2002-02-13,0.6549999713897705,0.6664999723434448,0.652999997138977,0.6644999980926514,0.6644999980926514,120816000,AMZN,0.69631267,0.6940000057220459,0.02950000762939453,0.0
2002-02-25,0.6545000076293945,0.6869999766349792,0.6499999761581421,0.6865000128746033,0.6865000128746033,114694000,AMZN,0.7817082,0.7200000286102295,0.03350001573562622,0.0
2002-02-26,0.6754999756813049,0.7245000004768372,0.6725000143051147,0.7200000286102295,0.7200000286102295,166210000,AMZN,0.76142645,0.7135000228881836,-0.0065000057220458984,0.0
2002-02-28,0.7145000100135803,0.737500011920929,0.6965000033378601,0.7049999833106995,0.7049999833106995,121048000,AMZN,0.7933747,0.7695000171661378,0.06450003385543834,0.0
2002-03-06,0.7409999966621399,0.8295000195503235,0.7409999966621399,0.8165000081062317,0.8165000081062317,285254000,AMZN,0.85646254,0.7810000181198121,-0.03549998998641957,0.0
2002-03-11,0.8019999861717224,0.843999981880188,0.7929999828338623,0.8355000019073486,0.8355000019073486,132494000,AMZN,0.9510429,0.815500020980835,-0.019999980926513672,0.0
2002-03-28,0.7200000286102295,0.7325000166893005,0.7124999761581421,0.7149999737739563,0.7149999737739563,62450000,AMZN,0.8954669,0.7400000095367432,0.025000035762786865,0.0
2002-04-02,0.7319999933242798,0.7544999718666077,0.7095000147819519,0.7124999761581421,0.7124999761581421,95428000,AMZN,0.86152047,0.6834999918937683,-0.02899998426437378,0.0
2002-04-08,0.6485000252723694,0.6980000138282776,0.6480000019073486,0.6974999904632568,0.6974999904632568,105556000,AMZN,0.7757165,0.6800000071525574,-0.017499983310699463,0.0
2002-04-09,0.703499972820282,0.7294999957084656,0.6779999732971191,0.6800000071525574,0.6800000071525574,129180000,AMZN,0.827763,0.6740000247955322,-0.0059999823570251465,0.0
2002-04-10,0.6880000233650208,0.699999988079071,0.6524999737739563,0.6740000247955322,0.6740000247955322,105134000,AMZN,0.7965123,0.6370000243186951,-0.03700000047683716,0.0
2002-04-30,0.8065000176429749,0.8379999995231628,0.796500027179718,0.8345000147819519,0.8345000147819519,128416000,AMZN,0.9336125,0.824500024318695,-0.009999990463256947,0.0
2002-05-01,0.8274999856948853,0.8525000214576721,0.8209999799728394,0.8245000243186951,0.8245000243186951,154026000,AMZN,0.9289381,0.815999984741211,-0.00850003957748402,0.0
2002-05-03,0.8115000128746033,0.8199999928474426,0.7875000238418579,0.8025000095367432,0.8025000095367432,103220000,AMZN,0.8180085,0.8059999942779542,0.0034999847412110485,0.0
2002-05-13,0.8585000038146973,0.8815000057220459,0.8424999713897705,0.8659999966621399,0.8659999966621399,134002000,AMZN,0.98547566,0.940500020980835,0.07450002431869507,0.0
2002-05-15,0.9340000152587891,1.0199999809265137,0.9175000190734863,0.996999979019165,0.996999979019165,257962000,AMZN,1.2389219,0.9804999828338623,-0.016499996185302734,0.0
2002-05-28,0.9785000085830688,0.9804999828338623,0.9384999871253967,0.953000009059906,0.953000009059906,79066000,AMZN,1.0248219,0.9455000162124634,-0.007499992847442627,0.0
2002-05-29,0.9409999847412109,0.9549999833106995,0.9399999976158142,0.9455000162124634,0.9455000162124634,72282000,AMZN,1.0161955,0.9185000061988831,-0.027000010013580322,0.0
2002-06-03,0.9154999852180481,0.925000011920929,0.8964999914169312,0.8980000019073486,0.8980000019073486,74328000,AMZN,0.99686986,0.8985000252723694,0.000500023365020752,0.0
2002-06-20,0.9160000085830688,0.9190000295639038,0.8669999837875366,0.8774999976158142,0.8774999976158142,173940000,AMZN,0.99397963,0.8765000104904175,-0.0009999871253967285,0.0
2002-06-24,0.8715000152587891,0.8889999985694885,0.847000002861023,0.8755000233650208,0.8755000233650208,119136000,AMZN,0.9453347,0.7670000195503235,-0.10850000381469727,0.0
2002-06-26,0.734499990940094,0.796500027179718,0.734000027179718,0.7925000190734863,0.7925000190734863,165444000,AMZN,1.0667248,0.7929999828338622,0.0004999637603758655,0.0
2002-06-28,0.784500002861023,0.8180000185966492,0.7699999809265137,0.8125,0.8125,124758000,AMZN,0.94210815,0.6775000095367432,-0.13499999046325684,0.0
2002-07-02,0.6800000071525574,0.7080000042915344,0.6499999761581421,0.6660000085830688,0.6660000085830688,173398000,AMZN,0.93791455,0.7124999761581421,0.04649996757507324,0.0
2002-07-08,0.7475000023841858,0.7925000190734863,0.734000027179718,0.746999979019165,0.746999979019165,117800000,AMZN,0.81771946,0.7799999713897705,0.03299999237060547,0.0
2002-07-18,0.7960000038146973,0.8295000195503235,0.7764999866485596,0.7774999737739563,0.7774999737739563,137134000,AMZN,0.87756133,0.7645000219345094,-0.01299995183944691,0.0
2002-07-24,0.6184999942779541,0.7080000042915344,0.6129999756813049,0.7049999833106995,0.7049999833106995,395326000,AMZN,0.78571004,0.6244999766349792,-0.08050000667572021,0.0
2002-08-19,0.7419999837875366,0.7760000228881836,0.7335000038146973,0.7749999761581421,0.7749999761581421,85542000,AMZN,0.8505848,0.7990000247955322,0.024000048637390137,0.0
2002-08-22,0.7664999961853027,0.7975000143051147,0.7459999918937683,0.7864999771118164,0.7864999771118164,137082000,AMZN,0.90857303,0.7584999799728394,-0.02799999713897705,0.0
2002-08-30,0.7455000281333923,0.7689999938011169,0.737500011920929,0.746999979019165,0.746999979019165,68794000,AMZN,0.915882,0.7300000190734863,-0.01699995994567871,0.0
2002-09-05,0.7289999723434448,0.7360000014305115,0.7120000123977661,0.7124999761581421,0.7124999761581421,106404000,AMZN,0.8332628,0.765500009059906,0.053000032901763916,0.0
2002-09-10,0.8264999985694885,0.8675000071525574,0.8209999799728394,0.8565000295639038,0.8565000295639038,224976000,AMZN,1.0596603,0.8554999828338623,-0.001000046730041504,0.0
2002-09-12,0.8414999842643738,0.8565000295639038,0.8305000066757202,0.8374999761581421,0.8374999761581421,141302000,AMZN,0.92280746,0.8305000066757202,-0.006999969482421875,0.0
2002-09-13,0.8345000147819519,0.8495000004768372,0.824999988079071,0.8305000066757202,0.8305000066757202,73098000,AMZN,0.9735812,0.8355000019073486,0.004999995231628418,0.0
2002-09-17,0.8500000238418579,0.887499988079071,0.8385000228881836,0.8675000071525574,0.8675000071525574,172424000,AMZN,0.9462128,0.8865000009536743,0.018999993801116943,0.0
2002-09-20,0.8725000023841858,0.8820000290870667,0.7724999785423279,0.7929999828338623,0.7929999828338623,252112000,AMZN,0.8604339,0.8025000095367432,0.00950002670288086,0.0
2002-09-24,0.7935000061988831,0.8184999823570251,0.7799999713897705,0.796500027179718,0.796500027179718,141458000,AMZN,0.9258867,0.7864999771118164,-0.010000050067901611,0.0
2002-10-10,0.8579999804496765,0.8985000252723694,0.8575000166893005,0.8980000019073486,0.8980000019073486,210572000,AMZN,1.008806,0.9229999780654907,0.02499997615814209,0.0
2002-10-22,0.9505000114440918,0.9955000281333923,0.9449999928474426,0.968999981880188,0.968999981880188,172914000,AMZN,1.0712824,0.9875000119209291,0.018500030040741078,0.0
2002-10-23,0.9760000109672546,0.9909999966621399,0.968500018119812,0.987500011920929,0.987500011920929,132962000,AMZN,1.1127685,0.9929999709129333,0.0054999589920043945,0.0
2002-10-25,0.9419999718666077,0.9679999947547913,0.9240000247955322,0.9649999737739563,0.9649999737739563,318000000,AMZN,1.1181655,0.9294999837875365,-0.03549998998641979,0.0
2002-10-29,0.9254999756813049,0.9459999799728394,0.9035000205039978,0.9284999966621399,0.9284999966621399,144840000,AMZN,1.0179547,0.9539999961853028,0.025499999523162953,0.0
2002-11-14,1.0494999885559082,1.0744999647140503,1.0475000143051147,1.0605000257492065,1.0605000257492065,263546000,AMZN,1.3669262,1.1104999780654907,0.04999995231628418,0.0
2002-11-18,1.1325000524520874,1.187000036239624,1.1074999570846558,1.121000051498413,1.121000051498413,506670000,AMZN,1.2853075,1.0644999742507935,-0.05650007724761963,0.0
2002-11-20,1.0674999952316284,1.149999976158142,1.0609999895095825,1.1449999809265137,1.1449999809265137,265888000,AMZN,1.210692,1.1699999570846558,0.02499997615814209,0.0
2002-11-21,1.1664999723434448,1.1924999952316284,1.1605000495910645,1.1699999570846558,1.1699999570846558,225770000,AMZN,1.3846234,1.1994999647140503,0.02950000762939453,0.0
2002-12-05,1.1829999685287476,1.184000015258789,1.1100000143051147,1.128999948501587,1.128999948501587,212852000,AMZN,1.256116,1.1304999589920044,0.0015000104904174805,0.0
2002-12-13,1.097499966621399,1.1174999475479126,1.093500018119812,1.1089999675750732,1.1089999675750732,77184000,AMZN,1.2044559,1.125499963760376,0.016499996185302734,0.0
2002-12-24,1.1089999675750732,1.1139999628067017,1.093999981880188,1.093999981880188,1.093999981880188,46972000,AMZN,1.2019907,1.0149999856948853,-0.07899999618530273,0.0
2003-01-07,1.0414999723434448,1.087499976158142,1.0299999713897705,1.0774999856948853,1.0774999856948853,191364000,AMZN,1.1837711,1.0509999990463257,-0.02649998664855957,0.0
2003-01-10,1.0479999780654907,1.0829999446868896,1.0405000448226929,1.065999984741211,1.065999984741211,151586000,AMZN,1.1442165,1.1019999980926514,0.03600001335144043,0.0
2003-01-15,1.1295000314712524,1.1304999589920044,1.097000002861023,1.1134999990463257,1.1134999990463257,139788000,AMZN,1.223762,1.090000033378601,-0.02349996566772461,0.0
2003-01-23,1.0770000219345093,1.1019999980926514,1.0575000047683716,1.0894999504089355,1.0894999504089355,219960000,AMZN,1.2015045,1.1054999828338623,0.016000032424926758,0.0
2003-02-14,0.9994999766349792,1.0115000009536743,0.9854999780654907,1.003000020980835,1.003000020980835,132506000,AMZN,1.2312628,1.0694999694824219,0.06649994850158691,0.0
2003-02-21,1.0674999952316284,1.0915000438690186,1.0520000457763672,1.0889999866485596,1.0889999866485596,144156000,AMZN,1.1698674,1.0889999866485596,0.0,0.0
2003-03-07,1.1160000562667847,1.1519999504089355,1.1130000352859497,1.1484999656677246,1.1484999656677246,116968000,AMZN,1.2624496,1.1440000534057617,-0.004499912261962891,0.0
2003-03-11,1.1375000476837158,1.1460000276565552,1.125499963760376,1.1390000581741333,1.1390000581741333,80682000,AMZN,1.2227393,1.1679999828338623,0.028999924659729004,0.0
2003-03-20,1.3170000314712524,1.381500005722046,1.30649995803833,1.372499942779541,1.372499942779541,187524000,AMZN,1.5016503,1.3964999914169312,0.024000048637390137,0.0
2003-03-25,1.3125,1.3545000553131104,1.3105000257492065,1.3450000286102295,1.3450000286102295,144264000,AMZN,1.4624459,1.3880000114440918,0.042999982833862305,0.0
2003-04-08,1.3394999504089355,1.340000033378601,1.3224999904632568,1.3259999752044678,1.3259999752044678,108072000,AMZN,1.4484726,1.253000020980835,-0.07299995422363281,0.0
2003-04-09,1.3174999952316284,1.31850004196167,1.2419999837875366,1.253000020980835,1.253000020980835,239178000,AMZN,1.312762,1.2834999561309814,0.030499935150146484,0.0
2003-04-14,1.2400000095367432,1.2575000524520874,1.225000023841858,1.252500057220459,1.252500057220459,208342000,AMZN,1.3384129,1.256500005722046,0.003999948501586914,0.0
2003-04-17,1.2235000133514404,1.250499963760376,1.2174999713897705,1.249500036239624,1.249500036239624,135798000,AMZN,1.4331182,1.2625000476837158,0.013000011444091797,0.0
2003-04-21,1.2515000104904175,1.308500051498413,1.2450000047683716,1.2625000476837158,1.2625000476837158,142646000,AMZN,1.387636,1.2790000438690186,0.016499996185302734,0.0
2003-04-23,1.3200000524520874,1.3274999856948853,1.2680000066757202,1.2714999914169312,1.2714999914169312,177002000,AMZN,1.4084485,1.25600004196167,-0.01549994945526123,0.0
2003-04-30,1.4299999475479126,1.4500000476837158,1.4190000295639038,1.434499979019165,1.434499979019165,189000000,AMZN,1.5417302,1.4329999685287476,-0.0015000104904174805,0.0
2003-05-06,1.493499994277954,1.559000015258789,1.4900000095367432,1.5440000295639038,1.5440000295639038,279248000,AMZN,1.6060991,1.5349999666213994,-0.009000062942504439,0.0
2003-05-12,1.5414999723434448,1.590000033378601,1.5334999561309814,1.5850000381469727,1.5850000381469727,144938000,AMZN,1.648669,1.647500038146973,0.06250000000000044,0.0
2003-05-30,1.780500054359436,1.8044999837875366,1.75,1.7944999933242798,1.7944999933242798,203806000,AMZN,1.8952177,1.7699999809265137,-0.024500012397766113,0.0
2003-06-05,1.7580000162124634,1.7920000553131104,1.7304999828338623,1.7760000228881836,1.7760000228881836,143874000,AMZN,1.8754056,1.6675000190734868,-0.10850000381469682,0.0
2003-06-19,1.7899999618530273,1.837499976158142,1.7690000534057617,1.774999976158142,1.774999976158142,119762000,AMZN,1.9609429,1.7519999742507937,-0.02300000190734841,0.0
2003-06-25,1.7649999856948853,1.80649995803833,1.7575000524520874,1.7695000171661377,1.7695000171661377,133180000,AMZN,1.9116087,1.8359999656677246,0.06649994850158691,0.0
2003-07-10,1.9559999704360962,1.975000023841858,1.909999966621399,1.912500023841858,1.912500023841858,176512000,AMZN,1.939166,1.8825000524520874,-0.029999971389770508,0.0
2003-07-16,1.9259999990463257,1.9259999990463257,1.8660000562667847,1.8839999437332153,1.8839999437332153,112512000,AMZN,1.9445546,1.815999984741211,-0.0679999589920044,0.0
2003-07-30,2.057499885559082,2.063499927520752,2.0225000381469727,2.0329999923706055,2.0329999923706055,143326000,AMZN,2.042581,2.0820000171661377,0.04900002479553223,0.0
2003-08-05,1.9620000123977661,1.9924999475479126,1.93149995803833,1.933500051498413,1.933500051498413,136324000,AMZN,2.0023067,1.9470000267028813,0.013499975204468218,0.0
2003-08-12,1.9474999904632568,1.9980000257492065,1.9155000448226929,1.9924999475479126,1.9924999475479126,122570000,AMZN,2.060934,2.010499954223633,0.018000006675720215,0.0
2003-08-18,2.0239999294281006,2.1619999408721924,2.0190000534057617,2.1510000228881836,2.1510000228881836,223484000,AMZN,2.1569955,2.178499937057495,0.027499914169311523,0.0
2003-08-19,2.172499895095825,2.2095000743865967,2.1459999084472656,2.178499937057495,2.178499937057495,209786000,AMZN,2.4222252,2.187999963760376,0.00950002670288086,0.0
2003-08-26,2.2825000286102295,2.306999921798706,2.255500078201294,2.2964999675750732,2.2964999675750732,130848000,AMZN,2.3241904,2.2939999103546147,-0.0025000572204585403,0.0
2003-09-05,2.3475000858306885,2.374000072479248,2.305000066757202,2.3259999752044678,2.3259999752044678,162058000,AMZN,2.488545,2.364000082015991,0.03800010681152344,0.0
2003-09-25,2.4830000400543213,2.547499895095825,2.4639999866485596,2.502500057220459,2.502500057220459,220666000,AMZN,2.6386209,2.427999973297119,-0.07450008392333984,0.0
2003-10-13,2.8970000743865967,2.934499979019165,2.871999979019165,2.9149999618530273,2.9149999618530273,166580000,AMZN,2.884469,2.995500087738037,0.0,-0.08050012588500977
2003-10-21,2.9865000247955322,3.057499885559082,2.950500011444092,2.9674999713897705,2.9674999713897705,342298000,AMZN,3.0528922,2.7014999389648438,-0.26600003242492676,0.0
2003-10-24,2.7274999618530273,2.746999979019165,2.6500000953674316,2.7255001068115234,2.7255001068115234,208764000,AMZN,2.7845278,2.740999937057495,0.01549983024597168,0.0
2003-11-03,2.740000009536743,2.8399999141693115,2.7155001163482666,2.8369998931884766,2.8369998931884766,182622000,AMZN,2.8619697,2.8429999351501465,0.006000041961669922,0.0
2003-11-06,2.8405001163482666,2.8434998989105225,2.737499952316284,2.749500036239624,2.749500036239624,175836000,AMZN,2.7888076,2.7155001163482666,-0.03399991989135742,0.0
2003-11-07,2.7804999351501465,2.7850000858306885,2.700000047683716,2.7155001163482666,2.7155001163482666,170008000,AMZN,2.8192136,2.598999977111817,-0.11650013923644975,0.0
2003-11-10,2.697499990463257,2.700000047683716,2.5869998931884766,2.5989999771118164,2.5989999771118164,182410000,AMZN,2.65731,2.6115000247955327,0.012500047683716264,0.0
2003-11-17,2.5959999561309814,2.609499931335449,2.4790000915527344,2.5179998874664307,2.5179998874664307,259938000,AMZN,2.5775533,2.4249999523162846,-0.09299993515014604,0.0
2003-12-02,2.7249999046325684,2.737499952316284,2.692500114440918,2.696500062942505,2.696500062942505,124758000,AMZN,2.8508034,2.575500011444092,-0.12100005149841309,0.0
2003-12-05,2.559999942779541,2.634999990463257,2.559999942779541,2.578000068664551,2.578000068664551,150030000,AMZN,2.6548116,2.553999900817871,-0.024000167846679688,0.0
2003-12-08,2.577500104904175,2.609999895095825,2.50600004196167,2.553999900817871,2.553999900817871,167528000,AMZN,2.6040602,2.467000007629395,-0.08699989318847612,0.0
2003-12-18,2.380500078201294,2.444499969482422,2.372499942779541,2.4375,2.4375,215014000,AMZN,2.6037266,2.4619998931884766,0.024499893188476562,0.0
2003-12-23,2.500999927520752,2.63100004196167,2.4885001182556152,2.624000072479248,2.624000072479248,220080000,AMZN,2.726812,2.6659998893737797,0.041999816894531694,0.0
2003-12-24,2.615000009536743,2.694000005722046,2.6075000762939453,2.6659998893737793,2.6659998893737793,113196000,AMZN,2.8658602,2.6735000610351567,0.007500171661377397,0.0
2003-12-29,2.689500093460083,2.691999912261963,2.6064999103546143,2.6735000610351562,2.6735000610351562,161138000,AMZN,2.6877882,2.6414999961853027,-0.032000064849853516,0.0
2004-01-22,2.8405001163482666,2.8910000324249268,2.812000036239624,2.8589999675750732,2.8589999675750732,213444000,AMZN,2.8871896,2.8554999828338623,-0.0034999847412109375,0.0
2004-02-11,2.2929999828338623,2.368000030517578,2.2769999504089355,2.3570001125335693,2.3570001125335693,157634000,AMZN,2.3908215,2.3529999256134038,-0.0040001869201655715,0.0
2004-02-19,2.257499933242798,2.308000087738037,2.2325000762939453,2.2325000762939453,2.2325000762939453,148850000,AMZN,2.3337727,2.258500099182129,0.026000022888183594,0.0
2004-02-20,2.240000009536743,2.2690000534057617,2.2365000247955322,2.258500099182129,2.258500099182129,149506000,AMZN,2.353432,2.198499917984009,-0.06000018119812012,0.0
2004-03-03,2.0929999351501465,2.1689999103546143,2.0824999809265137,2.1584999561309814,2.1584999561309814,192032000,AMZN,2.2347264,2.219500064849854,0.061000108718872514,0.0
2004-03-10,2.135999917984009,2.1600000858306885,2.072999954223633,2.077500104904175,2.077500104904175,138654000,AMZN,2.1527214,2.063999891281128,-0.013500213623046875,0.0
2004-03-12,2.067500114440918,2.130500078201294,2.065000057220459,2.121999979019165,2.121999979019165,124476000,AMZN,2.2224011,2.0539999008178715,-0.0680000782012935,0.0
2004-03-19,2.1514999866485596,2.1875,2.131500005722046,2.140000104904175,2.140000104904175,115098000,AMZN,2.2547636,2.0425000190734863,-0.09750008583068848,0.0
2004-03-22,2.0875000953674316,2.0924999713897705,2.0255000591278076,2.0425000190734863,2.0425000190734863,179502000,AMZN,2.060945,2.0114998817443848,-0.031000137329101562,0.0
2004-03-25,2.0,2.109999895095825,2.0,2.0994999408721924,2.0994999408721924,142254000,AMZN,2.2276952,2.0850000381469727,-0.014499902725219727,0.0
2004-04-08,2.3919999599456787,2.4075000286102295,2.3499999046325684,2.4049999713897705,2.4049999713897705,177594000,AMZN,2.4687524,2.3980000019073486,-0.006999969482421875,0.0
2004-04-12,2.4079999923706055,2.4184999465942383,2.378499984741211,2.3980000019073486,2.3980000019073486,86918000,AMZN,2.550977,2.3289999961853027,-0.0690000057220459,0.0
2004-05-13,2.122999906539917,2.2065000534057617,2.112499952316284,2.180500030517578,2.180500030517578,165224000,AMZN,2.3241599,2.152499914169312,-0.028000116348266157,0.0
2004-05-17,2.111999988555908,2.129499912261963,2.0850000381469727,2.1040000915527344,2.1040000915527344,132514000,AMZN,2.130097,2.099499940872193,-0.004500150680541548,0.0
2004-05-21,2.063499927520752,2.0739998817443848,2.0274999141693115,2.058500051498413,2.058500051498413,105458000,AMZN,2.144023,2.081500053405762,0.023000001907349077,0.0
2004-05-25,2.0875000953674316,2.193000078201294,2.069499969482422,2.180999994277954,2.180999994277954,144440000,AMZN,2.2747533,2.2344999313354497,0.05349993705749556,0.0
2004-05-27,2.2634999752044678,2.3914999961853027,2.242500066757202,2.38100004196167,2.38100004196167,283504000,AMZN,2.4785125,2.4249999523162846,0.0439999103546147,0.0
2004-06-01,2.3935000896453857,2.5225000381469727,2.384999990463257,2.5114998817443848,2.5114998817443848,258806000,AMZN,2.5727122,2.5174999237060547,0.006000041961669922,0.0
2004-06-07,2.5845000743865967,2.5994999408721924,2.5325000286102295,2.5880000591278076,2.5880000591278076,153760000,AMZN,2.7202702,2.5969998836517334,0.008999824523925781,0.0
2004-06-09,2.5810000896453857,2.5915000438690186,2.500499963760376,2.51200008392334,2.51200008392334,131588000,AMZN,2.5200958,2.496999979019165,-0.015000104904174805,0.0
2004-06-17,2.5255000591278076,2.5455000400543213,2.4704999923706055,2.4885001182556152,2.4885001182556152,117510000,AMZN,2.5419672,2.4800000190734868,-0.008500099182128462,0.0
2004-06-24,2.549999952316284,2.5969998836517334,2.5344998836517334,2.5510001182556152,2.5510001182556152,135202000,AMZN,2.7196615,2.5899999141693115,0.03899979591369629,0.0
2004-06-30,2.680500030517578,2.734999895095825,2.6710000038146973,2.7200000286102295,2.7200000286102295,137982000,AMZN,2.8251135,2.628000020980835,-0.09200000762939453,0.0
2004-07-09,2.493499994277954,2.5,2.3910000324249268,2.4159998893737793,2.4159998893737793,160670000,AMZN,2.6372285,2.4525001049041752,0.03650021553039595,0.0
2004-07-12,2.4110000133514404,2.4674999713897705,2.4014999866485596,2.452500104904175,2.452500104904175,141338000,AMZN,2.5818026,2.4800000190734868,0.027499914169311968,0.0
2004-07-15,2.4755001068115234,2.4835000038146973,2.4059998989105225,2.433500051498413,2.433500051498413,104882000,AMZN,2.5572104,2.3550000190734863,-0.07850003242492676,0.0
2004-07-16,2.44950008392334,2.453000068664551,2.3389999866485596,2.3550000190734863,2.3550000190734863,185738000,AMZN,2.4466698,2.3010001182556157,-0.05399990081787065,0.0
2004-07-22,2.185499906539917,2.303499937057495,2.181999921798706,2.2909998893737793,2.2909998893737793,327820000,AMZN,2.3867807,1.9989999532699587,-0.2919999361038206,0.0
2004-07-27,1.9600000381469727,1.9954999685287476,1.940000057220459,1.9555000066757202,1.9555000066757202,210698000,AMZN,2.0894196,1.8984999656677248,-0.05700004100799538,0.0
2004-08-04,1.840999960899353,1.8730000257492065,1.8200000524520874,1.8559999465942383,1.8559999465942383,195312000,AMZN,1.914849,1.7805000543594363,-0.07549989223480202,0.0
2004-08-09,1.7669999599456787,1.815000057220459,1.7424999475479126,1.7660000324249268,1.7660000324249268,183344000,AMZN,1.9880083,1.8550000190734868,0.08899998664856001,0.0
2004-08-31,1.9190000295639038,1.9424999952316284,1.8930000066757202,1.906999945640564,1.906999945640564,122864000,AMZN,1.9989051,1.9119999408721926,0.00499999523162864,0.0
2004-09-02,1.9019999504089355,1.9819999933242798,1.8954999446868896,1.9589999914169312,1.9589999914169312,114446000,AMZN,2.0430033,1.937000036239624,-0.02199995517730713,0.0
2004-09-03,1.9505000114440918,2.000499963760376,1.9320000410079956,1.937000036239624,1.937000036239624,104578000,AMZN,2.064519,1.92550003528595,-0.011500000953674094,0.0
2004-09-07,1.9574999809265137,1.968000054359436,1.905500054359436,1.9255000352859497,1.9255000352859497,116660000,AMZN,2.0040712,1.900500059127808,-0.024999976158141646,0.0
2004-09-15,2.1024999618530273,2.1589999198913574,2.0934998989105225,2.1105000972747803,2.1105000972747803,222716000,AMZN,2.3893626,2.128499984741211,0.017999887466430664,0.0
2004-09-27,2.0455000400543213,2.05049991607666,1.9874999523162842,1.996500015258789,1.996500015258789,167948000,AMZN,2.0664895,1.9715000391006472,-0.024999976158141868,0.0
2004-09-29,1.972499966621399,2.0460000038146973,1.968000054359436,2.0420000553131104,2.0420000553131104,198376000,AMZN,2.2645292,2.0429999828338623,0.0009999275207519531,0.0
2004-09-30,2.0274999141693115,2.063999891281128,2.010499954223633,2.0429999828338623,2.0429999828338623,188266000,AMZN,2.2220037,2.0234999656677246,-0.019500017166137695,0.0
2004-10-01,2.064500093460083,2.065000057220459,2.0195000171661377,2.0234999656677246,2.0234999656677246,225378000,AMZN,2.1939101,2.05049991607666,0.026999950408935547,0.0
2004-10-15,1.9644999504089355,1.9835000038146973,1.8940000534057617,1.9275000095367432,1.9275000095367432,164112000,AMZN,2.0810435,1.9635000228881836,0.03600001335144043,0.0
2004-10-18,1.9114999771118164,1.9735000133514404,1.8945000171661377,1.9635000228881836,1.9635000228881836,161864000,AMZN,2.0733926,1.9164999723434448,-0.04700005054473877,0.0
2004-10-22,1.8109999895095825,1.840000033378601,1.649999976158142,1.7300000190734863,1.7300000190734863,670886000,AMZN,1.9009092,1.6985000371932986,-0.031499981880187766,0.0
2004-10-25,1.7000000476837158,1.7204999923706055,1.6859999895095825,1.6985000371932983,1.6985000371932983,210636000,AMZN,2.2639344,1.691499948501587,-0.007000088691711426,0.0
2004-10-28,1.7120000123977661,1.7384999990463257,1.7070000171661377,1.722499966621399,1.722499966621399,144412000,AMZN,1.8608544,1.706500053405762,-0.015999913215636985,0.0
2004-11-03,1.8589999675750732,1.88100004196167,1.777999997138977,1.7960000038146973,1.7960000038146973,204164000,AMZN,1.9786011,1.8454999923706057,0.049499988555908425,0.0
2004-11-05,1.8650000095367432,1.8695000410079956,1.8009999990463257,1.8279999494552612,1.8279999494552612,147982000,AMZN,1.9227972,1.866000056266785,0.03800010681152366,0.0
2004-11-11,1.9045000076293945,1.9500000476837158,1.8819999694824219,1.941499948501587,1.941499948501587,136700000,AMZN,2.0582438,2.0230000019073486,0.08150005340576172,0.0
2004-11-15,2.0230000019073486,2.075000047683716,2.009000062942505,2.0445001125335693,2.0445001125335693,207324000,AMZN,2.191056,2.003499984741211,-0.0410001277923584,0.0
2004-11-18,1.9865000247955322,2.0480000972747803,1.9795000553131104,2.0185000896453857,2.0185000896453857,136136000,AMZN,2.075324,1.9275000095367436,-0.09100008010864213,0.0
2004-11-19,1.9574999809265137,1.972000002861023,1.909500002861023,1.9275000095367432,1.9275000095367432,228550000,AMZN,1.947053,1.902500033378601,-0.02499997615814209,0.0
2004-12-01,2.0,2.0,1.962499976158142,1.9989999532699585,1.9989999532699585,155120000,AMZN,2.0746348,2.008500099182129,0.00950014591217041,0.0
2004-12-06,1.9865000247955322,1.9989999532699585,1.9574999809265137,1.9744999408721924,1.9744999408721924,121760000,AMZN,2.0907452,1.909999966621399,-0.06449997425079346,0.0
2004-12-10,1.9769999980926514,2.005000114440918,1.9500000476837158,1.9524999856948853,1.9524999856948853,110214000,AMZN,2.1125054,1.9915000200271609,0.03900003433227561,0.0
2004-12-17,2.007999897003174,2.010999917984009,1.993499994277954,2.000499963760376,2.000499963760376,109720000,AMZN,2.0610313,1.9474999904632573,-0.0529999732971187,0.0
2005-01-04,2.133500099182129,2.1630001068115234,2.075000047683716,2.1070001125335693,2.1070001125335693,388370000,AMZN,2.138195,2.0885000228881836,-0.018500089645385742,0.0
2005-01-26,2.059000015258789,2.0899999141693115,2.013000011444092,2.066999912261963,2.066999912261963,154298000,AMZN,2.202278,2.115499973297119,0.04850006103515625,0.0
2005-01-28,2.1045000553131104,2.1500000953674316,2.0764999389648438,2.1110000610351562,2.1110000610351562,123048000,AMZN,2.2507117,2.161000013351441,0.049999952316284624,0.0
2005-02-01,2.1500000953674316,2.1635000705718994,2.11899995803833,2.124000072479248,2.124000072479248,135230000,AMZN,2.1993098,2.094000101089478,-0.029999971389770064,0.0
2005-02-04,1.7825000286102295,1.7990000247955322,1.7595000267028809,1.7860000133514404,1.7860000133514404,346094000,AMZN,2.8046317,1.784500002861023,-0.0015000104904174805,0.0
2005-02-07,1.7910000085830688,1.7920000553131104,1.777500033378601,1.784500002861023,1.784500002861023,142248000,AMZN,1.7680415,1.8150000572204594,0.0,-0.03050005435943648
2005-02-09,1.8224999904632568,1.840000033378601,1.7934999465942383,1.7944999933242798,1.7944999933242798,158776000,AMZN,1.931718,1.7890000343322752,-0.005499958992004617,0.0
2005-02-10,1.8035000562667847,1.8055000305175781,1.7764999866485596,1.7890000343322754,1.7890000343322754,159648000,AMZN,1.8754084,1.7890000343322752,-2.220446049250313e-16,0.0
2005-02-23,1.747499942779541,1.7484999895095825,1.659999966621399,1.7070000171661377,1.7070000171661377,210008000,AMZN,1.7906687,1.7345000505447392,0.02750003337860152,0.0
2005-02-24,1.6829999685287476,1.7424999475479126,1.6829999685287476,1.7345000505447388,1.7345000505447388,167784000,AMZN,1.8746608,1.749500036239624,0.014999985694885254,0.0
2005-02-28,1.7359999418258667,1.7829999923706055,1.7335000038146973,1.7589999437332153,1.7589999437332153,168458000,AMZN,1.801988,1.7695000171661377,0.010500073432922363,0.0
2005-03-08,1.815500020980835,1.8214999437332153,1.787500023841858,1.7914999723434448,1.7914999723434448,95858000,AMZN,1.8105808,1.7699999809265137,-0.021499991416931152,0.0
2005-03-09,1.7869999408721924,1.7964999675750732,1.7450000047683716,1.7699999809265137,1.7699999809265137,148246000,AMZN,1.7978638,1.7454999685287478,-0.02450001239776589,0.0
2005-03-16,1.694000005722046,1.722000002861023,1.6799999475479126,1.69350004196167,1.69350004196167,107400000,AMZN,1.7934034,1.6985000371932986,0.00499999523162864,0.0
2005-03-17,1.6790000200271606,1.722000002861023,1.6790000200271606,1.6985000371932983,1.6985000371932983,97160000,AMZN,1.8136295,1.70799994468689,0.009499907493591753,0.0
2005-03-18,1.7074999809265137,1.7139999866485596,1.6825000047683716,1.7079999446868896,1.7079999446868896,105894000,AMZN,1.8086077,1.683500051498413,-0.024499893188476562,0.0
2005-03-24,1.6699999570846558,1.694000005722046,1.6434999704360962,1.6440000534057617,1.6440000534057617,106746000,AMZN,1.7894571,1.6694999933242798,0.025499939918518066,0.0
2005-05-05,1.6979999542236328,1.7089999914169312,1.6794999837875366,1.6979999542236328,1.6979999542236328,92338000,AMZN,1.8038639,1.72599995136261,0.027999997138977273,0.0
2005-06-06,1.7769999504089355,1.8009999990463257,1.7740000486373901,1.7884999513626099,1.7884999513626099,77630000,AMZN,1.8916271,1.7675000429153447,-0.02099990844726518,0.0
2005-06-10,1.7625000476837158,1.7645000219345093,1.7235000133514404,1.747499942779541,1.747499942779541,69350000,AMZN,1.8433601,1.743499994277954,-0.003999948501586914,0.0
2005-06-16,1.7599999904632568,1.7905000448226929,1.7580000162124634,1.7790000438690186,1.7790000438690186,84110000,AMZN,1.9300784,1.7654999494552615,-0.013500094413757102,0.0
2005-07-05,1.6749999523162842,1.7239999771118164,1.6725000143051147,1.7039999961853027,1.7039999961853027,147676000,AMZN,1.817509,1.7029999494552612,-0.001000046730041504,0.0
2005-07-28,2.177000045776367,2.2904999256134033,2.1684999465942383,2.2839999198913574,2.2839999198913574,502830000,AMZN,2.961555,2.257499933242798,-0.02649998664855957,0.0
2005-08-02,2.244999885559082,2.3485000133514404,2.24399995803833,2.325500011444092,2.325500011444092,216728000,AMZN,2.33046,2.3055000305175786,-0.019999980926513228,0.0
2005-08-18,2.194000005722046,2.194999933242798,2.17549991607666,2.186500072479248,2.186500072479248,72086000,AMZN,2.2157898,2.1860001087188725,-0.0004999637603755325,0.0
2005-08-22,2.180500030517578,2.2135000228881836,2.1470000743865967,2.188499927520752,2.188499927520752,107482000,AMZN,2.2588348,2.1710000038146973,-0.017499923706054688,0.0
2005-08-31,2.121999979019165,2.140500068664551,2.1019999980926514,2.134999990463257,2.134999990463257,67384000,AMZN,2.2294488,2.0920000076293945,-0.042999982833862305,0.0
2005-09-07,2.174999952316284,2.2149999141693115,2.172499895095825,2.186500072479248,2.186500072479248,122830000,AMZN,2.4246264,2.148000001907349,-0.03850007057189897,0.0
2005-09-13,2.2084999084472656,2.2190001010894775,2.171999931335449,2.196500062942505,2.196500062942505,90104000,AMZN,2.3917081,2.1549999713897705,-0.041500091552734375,0.0
2005-09-16,2.140000104904175,2.1459999084472656,2.1059999465942383,2.140000104904175,2.140000104904175,82234000,AMZN,2.2015915,2.137500047683716,-0.0025000572204589844,0.0
2005-09-22,2.059999942779541,2.1135001182556152,2.0250000953674316,2.1040000915527344,2.1040000915527344,116760000,AMZN,2.2269282,2.109499931335449,0.005499839782714844,0.0
2005-09-28,2.1624999046325684,2.187000036239624,2.1494998931884766,2.1684999465942383,2.1684999465942383,64794000,AMZN,2.2595575,2.2395000457763676,0.07100009918212935,0.0
2005-10-10,2.190999984741211,2.2190001010894775,2.178999900817871,2.187999963760376,2.187999963760376,73606000,AMZN,2.2640066,2.1700000762939453,-0.017999887466430664,0.0
2005-10-13,2.121500015258789,2.1489999294281006,2.0950000286102295,2.13100004196167,2.13100004196167,76656000,AMZN,2.2617557,2.189500093460083,0.058500051498413086,0.0
2005-11-08,2.066499948501587,2.1054999828338623,2.051500082015991,2.0975000858306885,2.0975000858306885,99016000,AMZN,2.1537135,2.069999933242798,-0.027500152587890625,0.0
2005-11-11,2.118499994277954,2.1519999504089355,2.112499952316284,2.134000062942505,2.134000062942505,79644000,AMZN,2.2794724,2.1264998912811284,-0.007500171661376509,0.0
2005-11-29,2.4154999256134033,2.4714999198913574,2.4059998989105225,2.427500009536743,2.427500009536743,207688000,AMZN,2.5046914,2.4230000972747803,-0.004499912261962891,0.0
2005-12-09,2.432499885559082,2.4519999027252197,2.4124999046325684,2.437000036239624,2.437000036239624,94180000,AMZN,2.5182533,2.453500032424927,0.01649999618530318,0.0
2005-12-19,2.44950008392334,2.5,2.4159998893737793,2.4184999465942383,2.4184999465942383,166174000,AMZN,2.5170918,2.407000064849854,-0.011499881744384322,0.0
2005-12-27,2.444999933242798,2.4549999237060547,2.4179999828338623,2.427999973297119,2.427999973297119,116374000,AMZN,2.462483,2.4030001163482666,-0.02499985694885254,0.0
2006-01-13,2.2235000133514404,2.242500066757202,2.200000047683716,2.2200000286102295,2.2200000286102295,88644000,AMZN,2.3365073,2.2000000476837163,-0.019999980926513228,0.0
2006-01-18,2.1594998836517334,2.2295000553131104,2.1549999713897705,2.2160000801086426,2.2160000801086426,174866000,AMZN,2.3290956,2.2225000858306885,0.0065000057220458984,0.0
2006-01-19,2.2244999408721924,2.26200008392334,2.2149999141693115,2.2225000858306885,2.2225000858306885,103138000,AMZN,2.4525254,2.196000099182129,-0.02649998664855957,0.0
2006-01-26,2.197499990463257,2.239000082015991,2.189500093460083,2.2339999675750732,2.2339999675750732,97790000,AMZN,2.3193104,2.2609999179840092,0.02699995040893599,0.0
2006-02-02,2.191999912261963,2.2019999027252197,1.9900000095367432,2.13700008392334,2.13700008392334,474186000,AMZN,2.1788836,1.9164999723434448,-0.22050011157989502,0.0
2006-02-10,1.8990000486373901,1.9259999990463257,1.868499994277954,1.9259999990463257,1.9259999990463257,100236000,AMZN,2.0385067,1.8930000066757204,-0.03299999237060525,0.0
2006-02-22,1.9155000448226929,1.9550000429153442,1.8854999542236328,1.9359999895095825,1.9359999895095825,147138000,AMZN,2.0062861,1.8949999809265141,-0.041000008583068404,0.0
2006-03-01,1.872499942779541,1.8845000267028809,1.8424999713897705,1.8559999465942383,1.8559999465942383,139630000,AMZN,2.0157628,1.843999981880188,-0.011999964714050293,0.0
2006-03-02,1.781999945640564,1.850000023841858,1.7684999704360962,1.843999981880188,1.843999981880188,231674000,AMZN,1.8787377,1.8604999780654912,0.01649999618530318,0.0
2006-03-03,1.844499945640564,1.8914999961853027,1.8335000276565552,1.8604999780654907,1.8604999780654907,120898000,AMZN,2.1251528,1.843000054359436,-0.017499923706054688,0.0
2006-03-08,1.8359999656677246,1.8734999895095825,1.8305000066757202,1.840499997138977,1.840499997138977,124732000,AMZN,1.9234836,1.8059999942779543,-0.03450000286102273,0.0
2006-03-16,1.8539999723434448,1.8695000410079956,1.8370000123977661,1.8385000228881836,1.8385000228881836,96456000,AMZN,1.9156106,1.7994999885559084,-0.03900003433227517,0.0
2006-03-22,1.7999999523162842,1.8270000219345093,1.7894999980926514,1.7999999523162842,1.7999999523162842,86016000,AMZN,1.9382656,1.784000039100647,-0.015999913215637207,0.0
2006-04-03,1.8335000276565552,1.8665000200271606,1.8049999475479126,1.8070000410079956,1.8070000410079956,101080000,AMZN,1.8843515,1.8385000228881838,0.03149998188018821,0.0
2006-04-05,1.8329999446868896,1.8669999837875366,1.8135000467300415,1.8669999837875366,1.8669999837875366,111190000,AMZN,1.9349723,1.92550003528595,0.05850005149841331,0.0
2006-04-12,1.7955000400543213,1.8220000267028809,1.7955000400543213,1.80649995803833,1.80649995803833,57116000,AMZN,1.9669651,1.8309999704360962,0.024500012397766113,0.0
2006-05-04,1.7309999465942383,1.7359999418258667,1.718999981880188,1.7235000133514404,1.7235000133514404,119958000,AMZN,1.9125425,1.7519999742507937,0.02849996089935325,0.0
2006-05-15,1.627500057220459,1.6425000429153442,1.6104999780654907,1.6390000581741333,1.6390000581741333,86100000,AMZN,1.7094586,1.6380000114440918,-0.001000046730041504,0.0
2006-05-19,1.6330000162124634,1.7000000476837158,1.6015000343322754,1.6970000267028809,1.6970000267028809,196344000,AMZN,1.9418895,1.741500020027161,0.04449999332428023,0.0
2006-06-01,1.7315000295639038,1.7725000381469727,1.715000033378601,1.753499984741211,1.753499984741211,118640000,AMZN,1.8250098,1.7380000352859497,-0.01549994945526123,0.0
2006-06-02,1.7595000267028809,1.7610000371932983,1.7024999856948853,1.7380000352859497,1.7380000352859497,108858000,AMZN,1.8352674,1.6744999885559086,-0.06350004673004106,0.0
2006-06-08,1.6775000095367432,1.7029999494552612,1.621000051498413,1.6775000095367432,1.6775000095367432,166220000,AMZN,1.7851661,1.6890000104904173,0.011500000953674094,0.0
2006-06-29,1.840999960899353,1.9285000562667847,1.8350000381469727,1.9259999990463257,1.9259999990463257,127450000,AMZN,1.9880388,1.9340000152587895,0.008000016212463823,0.0
2006-07-11,1.7869999408721924,1.7960000038146973,1.750499963760376,1.7829999923706055,1.7829999923706055,121772000,AMZN,1.8560326,1.7315000295639038,-0.05149996280670166,0.0
2006-07-26,1.437999963760376,1.4500000476837158,1.2979999780654907,1.312999963760376,1.312999963760376,1539704000,AMZN,1.4630573,1.3279999494552612,0.014999985694885254,0.0
2006-08-04,1.347000002861023,1.3795000314712524,1.340000033378601,1.3645000457763672,1.3645000457763672,205048000,AMZN,1.4089625,1.3389999866485596,-0.025500059127807617,0.0
2006-08-24,1.4119999408721924,1.412500023841858,1.3769999742507935,1.3984999656677246,1.3984999656677246,90338000,AMZN,1.4487089,1.4014999866485596,0.003000020980834961,0.0
2006-08-25,1.3895000219345093,1.4114999771118164,1.38100004196167,1.4014999866485596,1.4014999866485596,70852000,AMZN,1.4454406,1.4455000162124634,0.04400002956390381,0.0
2006-08-28,1.4199999570846558,1.4500000476837158,1.4134999513626099,1.4455000162124634,1.4455000162124634,121348000,AMZN,1.4803126,1.4759999513626096,0.030499935150146262,0.0
2006-08-31,1.537500023841858,1.5494999885559082,1.5234999656677246,1.5414999723434448,1.5414999723434448,118940000,AMZN,1.7385333,1.588000059127808,0.04650008678436324,0.0
2006-09-06,1.5880000591278076,1.5989999771118164,1.5325000286102295,1.5399999618530273,1.5399999618530273,182282000,AMZN,1.6285708,1.4865000247955322,-0.05349993705749512,0.0
2006-09-15,1.5950000286102295,1.6369999647140503,1.5789999961853027,1.6260000467300415,1.6260000467300415,205474000,AMZN,1.6940848,1.6039999723434448,-0.02200007438659668,0.0
2006-09-28,1.6134999990463257,1.6165000200271606,1.5609999895095825,1.5920000076293945,1.5920000076293945,149988000,AMZN,1.6791193,1.6059999465942385,0.013999938964843972,0.0
2006-10-04,1.587499976158142,1.6414999961853027,1.565000057220459,1.6380000114440918,1.6380000114440918,141296000,AMZN,1.7724853,1.666000008583069,0.027999997138977273,0.0
2006-10-24,1.6434999704360962,1.899999976158142,1.6430000066757202,1.68149995803833,1.68149995803833,463106000,AMZN,1.8862913,1.8839999437332153,0.20249998569488525,0.0
2006-10-25,1.8650000095367432,1.8990000486373901,1.8020000457763672,1.8839999437332153,1.8839999437332153,930450000,AMZN,2.2052515,1.9149999618530278,0.031000018119812456,0.0
2006-11-07,1.909999966621399,1.9500000476837158,1.9019999504089355,1.9385000467300415,1.9385000467300415,154902000,AMZN,1.9882611,1.9735000133514409,0.03499996662139937,0.0
2006-11-21,2.127500057220459,2.1624999046325684,2.1059999465942383,2.127000093460083,2.127000093460083,139688000,AMZN,2.2107458,2.148000001907349,0.02099990844726607,0.0
2006-11-24,2.128000020980835,2.1470000743865967,2.115499973297119,2.120500087738037,2.120500087738037,44826000,AMZN,2.1766047,2.0425000190734863,-0.07800006866455078,0.0
2006-11-29,2.0239999294281006,2.055000066757202,2.0,2.0315001010894775,2.0315001010894775,157092000,AMZN,2.106222,2.0169999599456787,-0.014500141143798828,0.0
2006-12-01,2.013000011444092,2.0269999504089355,1.9544999599456787,1.9704999923706055,1.9704999923706055,166122000,AMZN,2.079854,1.9550000429153447,-0.015499949455260786,0.0
2006-12-11,1.9110000133514404,1.9574999809265137,1.9040000438690186,1.934499979019165,1.934499979019165,96972000,AMZN,2.0346606,1.9229999780654907,-0.011500000953674316,0.0
2006-12-15,1.968999981880188,2.009500026702881,1.9615000486373901,2.000499963760376,2.000499963760376,163070000,AMZN,2.1461878,1.9630000591278076,-0.03749990463256836,0.0
2006-12-27,1.9930000305175781,2.0234999656677246,1.9900000095367432,2.0144999027252197,2.0144999027252197,70730000,AMZN,2.0896142,2.010499954223633,-0.003999948501586914,0.0
2006-12-28,2.0190000534057617,2.0315001010894775,1.996000051498413,2.010499954223633,2.010499954223633,90910000,AMZN,2.076508,1.9730000495910647,-0.03749990463256814,0.0
2007-01-04,1.9294999837875366,1.9570000171661377,1.9129999876022339,1.9450000524520874,1.9450000524520874,126368000,AMZN,2.2157369,1.9184999465942385,-0.0265001058578489,0.0
2007-01-08,1.9110000133514404,1.9155000448226929,1.8585000038146973,1.875,1.875,135660000,AMZN,2.0147512,1.889000058174133,0.014000058174133079,0.0
2007-01-09,1.8799999952316284,1.902999997138977,1.8669999837875366,1.8890000581741333,1.8890000581741333,114060000,AMZN,2.0203316,1.8574999570846558,-0.03150010108947754,0.0
2007-01-16,1.9199999570846558,1.9444999694824219,1.8984999656677246,1.9329999685287476,1.9329999685287476,112874000,AMZN,2.0357,1.8940000534057622,-0.038999915122985396,0.0
2007-01-29,1.8350000381469727,1.872499942779541,1.8270000219345093,1.871500015258789,1.871500015258789,147900000,AMZN,1.9354169,1.8524999618530276,-0.019000053405761497,0.0
2007-01-31,1.847499966621399,1.909500002861023,1.8380000591278076,1.8834999799728394,1.8834999799728394,145550000,AMZN,1.9562962,1.9349999427795415,0.051499962806702104,0.0
2007-02-05,1.8624999523162842,1.871000051498413,1.8385000228881836,1.8580000400543213,1.8580000400543213,122218000,AMZN,2.2311747,1.91349995136261,0.055499911308288796,0.0
2007-02-28,1.9455000162124634,1.9789999723434448,1.9040000438690186,1.9570000171661377,1.9570000171661377,153748000,AMZN,2.0914872,1.9424999952316284,-0.014500021934509277,0.0
2007-03-05,1.8574999570846558,1.9160000085830688,1.8519999980926514,1.8524999618530273,1.8524999618530273,191312000,AMZN,1.9979101,1.9290000200271604,0.07650005817413308,0.0
2007-04-03,2.0209999084472656,2.069000005722046,2.0199999809265137,2.059499979019165,2.059499979019165,119364000,AMZN,2.2117517,2.0764999389648438,0.01699995994567871,0.0
2007-04-11,2.0864999294281006,2.0934998989105225,2.062000036239624,2.0840001106262207,2.0840001106262207,101568000,AMZN,2.12378,2.1135001182556157,0.029500007629394975,0.0
2007-04-16,2.188499927520752,2.265000104904175,2.183500051498413,2.259999990463257,2.259999990463257,268880000,AMZN,2.3567667,2.2534999847412114,-0.006500005722045454,0.0
2007-04-19,2.2304999828338623,2.257499933242798,2.2204999923706055,2.2320001125335693,2.2320001125335693,96194000,AMZN,2.3070602,2.2474999427795415,0.015499830245972124,0.0
2007-04-20,2.254499912261963,2.258500099182129,2.2260000705718994,2.247499942779541,2.247499942779541,119610000,AMZN,2.3159199,2.2385001182556152,-0.008999824523925781,0.0
2007-04-24,2.237499952316284,2.25,2.2214999198913574,2.237499952316284,2.237499952316284,397752000,AMZN,2.2968109,2.8405001163482666,0.6030001640319824,0.0
2007-04-25,2.6559998989105225,2.8589999675750732,2.6475000381469727,2.8405001163482666,2.8405001163482666,2086584000,AMZN,2.853299,3.1389999389648433,0.2984998226165767,0.0
2007-04-30,3.0954999923706055,3.121999979019165,3.059000015258789,3.066499948501587,3.066499948501587,479584000,AMZN,3.6977048,3.1019999980926514,0.03550004959106445,0.0
2007-05-09,3.0999999046325684,3.1475000381469727,3.065000057220459,3.1424999237060547,3.1424999237060547,177498000,AMZN,3.2077925,3.0460000038146973,-0.09649991989135742,0.0
2007-05-14,3.0840001106262207,3.0869998931884766,3.0299999713897705,3.0850000381469727,3.0850000381469727,155208000,AMZN,3.1576412,3.0290000438690186,-0.0559999942779541,0.0
2007-06-13,3.5450000762939453,3.5945000648498535,3.4625000953674316,3.5445001125335693,3.5445001125335693,238358000,AMZN,3.555566,3.596999883651734,0.05249977111816451,0.0
2007-06-19,3.577500104904175,3.5829999446868896,3.4839999675750732,3.490499973297119,3.490499973297119,237420000,AMZN,3.5132964,3.4549999237060547,-0.03550004959106445,0.0
2007-06-22,3.4774999618530273,3.49399995803833,3.4210000038146973,3.443000078201294,3.443000078201294,167652000,AMZN,3.526458,3.433000087738037,-0.009999990463256836,0.0
2007-07-19,3.7119998931884766,3.7160000801086426,3.6559998989105225,3.6675000190734863,3.6675000190734863,105470000,AMZN,3.7340384,3.5815000534057617,-0.08599996566772461,0.0
2007-07-26,4.250999927520752,4.449999809265137,4.171500205993652,4.200500011444092,4.200500011444092,465342000,AMZN,4.8654284,4.202000141143799,0.0015001296997070312,0.0
2007-08-07,3.927500009536743,4.0,3.8945000171661377,3.9570000171661377,3.9570000171661377,161186000,AMZN,4.059463,3.8889999389648438,-0.06800007820129395,0.0
2007-08-28,3.8929998874664307,3.932499885559082,3.803999900817871,3.811000108718872,3.811000108718872,115340000,AMZN,3.773843,3.952500104904175,0.0,-0.14149999618530273
2007-09-07,4.235000133514404,4.248499870300293,4.1605000495910645,4.22599983215332,4.22599983215332,164624000,AMZN,4.248023,4.166999816894531,-0.05900001525878906,0.0
2007-09-19,4.47599983215332,4.491000175476074,4.413000106811523,4.449999809265137,4.449999809265137,129174000,AMZN,4.602539,4.482500076293945,0.032500267028808594,0.0
2007-09-26,4.702000141143799,4.7129998207092285,4.614500045776367,4.671500205993652,4.671500205993652,115406000,AMZN,4.7388916,4.669000148773193,-0.0025000572204589844,0.0
2007-09-28,4.638500213623047,4.679999828338623,4.585000038146973,4.65749979019165,4.65749979019165,96274000,AMZN,4.610707,4.670499801635742,0.0,-0.013000011444091797
2007-10-03,4.609499931335449,4.639999866485596,4.589000225067139,4.623000144958496,4.623000144958496,101044000,AMZN,4.67731,4.61299991607666,-0.010000228881835938,0.0
2007-10-08,4.710999965667725,4.792500019073486,4.699999809265137,4.792500019073486,4.792500019073486,148568000,AMZN,4.931031,4.765999794006348,-0.026500225067138672,0.0
2007-10-12,4.4710001945495605,4.619500160217285,4.446000099182129,4.618500232696533,4.618500232696533,167198000,AMZN,4.726805,4.526500225067139,-0.09200000762939453,0.0
2007-10-16,4.434500217437744,4.502500057220459,4.425000190734863,4.476500034332275,4.476500034332275,170230000,AMZN,4.5035315,4.527500152587891,0.051000118255615234,0.0
2007-10-22,4.462500095367432,4.584499835968018,4.451000213623047,4.564499855041504,4.564499855041504,197368000,AMZN,4.73076,5.040999889373779,0.4765000343322754,0.0
2007-10-31,4.402500152587891,4.480000019073486,4.349999904632568,4.457499980926514,4.457499980926514,140896000,AMZN,4.4117413,4.382500171661377,0.0,0.07499980926513672
2007-11-06,4.230500221252441,4.375,4.218500137329102,4.363500118255615,4.363500118255615,158680000,AMZN,4.4645357,4.3520002365112305,-0.011499881744384766,0.0
2007-11-07,4.320499897003174,4.458000183105469,4.308000087738037,4.3520002365112305,4.3520002365112305,167956000,AMZN,4.527062,4.178999900817871,-0.17300033569335938,0.0
2007-11-09,4.120999813079834,4.120999813079834,3.941999912261963,3.944499969482422,3.944499969482422,232404000,AMZN,4.0652657,3.849999904632569,-0.09450006484985307,0.0
2007-11-14,4.019999980926514,4.057499885559082,3.9075000286102295,3.92549991607666,3.92549991607666,168548000,AMZN,4.099359,3.8924999237060547,-0.03299999237060547,0.0
2007-11-15,3.9714999198913574,3.9865000247955322,3.8350000381469727,3.8924999237060547,3.8924999237060547,156630000,AMZN,3.9759183,3.9300000667572026,0.037500143051147905,0.0
2007-11-21,3.9619998931884766,4.043000221252441,3.932499885559082,3.98799991607666,3.98799991607666,133566000,AMZN,4.1316633,4.071499824523926,0.08349990844726562,0.0
2007-11-28,4.377500057220459,4.528500080108643,4.337500095367432,4.514999866485596,4.514999866485596,228068000,AMZN,4.585842,4.457499980926514,-0.05749988555908203,0.0
2007-12-03,4.501500129699707,4.612500190734863,4.488500118255615,4.545499801635742,4.545499801635742,120010000,AMZN,4.5346656,4.7204999923706055,0.0,-0.17500019073486328
2007-12-28,4.763500213623047,4.795000076293945,4.605000019073486,4.722499847412109,4.722499847412109,151758000,AMZN,4.796763,4.631999969482422,-0.0904998779296875,0.0
2008-01-17,4.007999897003174,4.112500190734863,3.9769999980926514,4.00600004196167,4.00600004196167,198018000,AMZN,4.25225,3.98799991607666,-0.018000125885009766,0.0
2008-01-31,3.445499897003174,3.94350004196167,3.441999912261963,3.884999990463257,3.884999990463257,857718000,AMZN,3.9854004,3.7314999103546143,-0.15350008010864258,0.0
2008-02-15,3.75,3.759500026702881,3.5969998836517334,3.6480000019073486,3.6480000019073486,222402000,AMZN,3.5402172,3.604000091552735,0.0,0.043999910354613814
2008-02-22,3.5269999504089355,3.6105000972747803,3.493000030517578,3.6040000915527344,3.6040000915527344,246854000,AMZN,3.6726542,3.6635000705719,0.05949997901916548,0.0
2008-02-29,3.3505001068115234,3.375,3.198499917984009,3.2235000133514404,3.2235000133514404,233292000,AMZN,3.3523433,3.121500015258789,-0.10199999809265137,0.0
2008-03-12,3.3385000228881836,3.4114999771118164,3.2820000648498535,3.325500011444092,3.325500011444092,154976000,AMZN,3.4478185,3.4159998893737793,0.0904998779296875,0.0
2008-03-14,3.430500030517578,3.5339999198913574,3.302999973297119,3.4110000133514404,3.4110000133514404,248414000,AMZN,3.520508,3.3264999389648438,-0.08450007438659668,0.0
2008-03-17,3.2860000133514404,3.3894999027252197,3.246000051498413,3.3264999389648438,3.3264999389648438,194182000,AMZN,3.3197753,3.585000038146972,0.0,-0.25850009918212846
2008-03-28,3.549999952316284,3.6105000972747803,3.4630000591278076,3.48799991607666,3.48799991607666,105582000,AMZN,3.4745922,3.5650000572204585,0.0,-0.07700014114379838
2008-03-31,3.512500047683716,3.5820000171661377,3.4814999103546143,3.565000057220459,3.565000057220459,109406000,AMZN,3.5354872,3.8350000381469727,0.0,-0.26999998092651367
2008-04-03,3.757499933242798,3.80049991607666,3.690500020980835,3.746999979019165,3.746999979019165,162998000,AMZN,3.7375095,3.843499898910522,0.0,-0.09649991989135698
2008-04-07,3.868000030517578,3.9214999675750732,3.799999952316284,3.8450000286102295,3.8450000286102295,133448000,AMZN,3.9337652,3.865000009536743,0.019999980926513672,0.0
2008-04-11,3.691999912261963,3.7149999141693115,3.5810000896453857,3.5994999408721924,3.5994999408721924,135712000,AMZN,3.6187289,3.6305000782012944,0.031000137329102007,0.0
2008-04-16,3.6510000228881836,3.75,3.6470000743865967,3.7295000553131104,3.7295000553131104,134936000,AMZN,3.921137,3.7019999027252197,-0.027500152587890625,0.0
2008-04-17,3.7090001106262207,3.750999927520752,3.680500030517578,3.7019999027252197,3.7019999027252197,124400000,AMZN,3.8603113,4.005000114440918,0.30300021171569824,0.0
2008-04-18,3.8239998817443848,4.099999904632568,3.815999984741211,4.005000114440918,4.005000114440918,335826000,AMZN,4.1880674,4.008999824523926,0.0039997100830078125,0.0
2008-04-22,3.996999979019165,3.996999979019165,3.877000093460083,3.9800000190734863,3.9800000190734863,144900000,AMZN,3.96431,4.050000190734863,0.0,-0.07000017166137695
2008-04-28,4.0320000648498535,4.125,4.00600004196167,4.098499774932861,4.098499774932861,219838000,AMZN,4.102355,4.0370001792907715,-0.061499595642089844,0.0
2008-05-02,4.014999866485596,4.059999942779541,3.819999933242798,3.865499973297119,3.865499973297119,163098000,AMZN,3.9595494,3.7960000038146977,-0.06949996948242143,0.0
2008-05-06,3.7755000591278076,3.8385000228881836,3.752500057220459,3.7855000495910645,3.7855000495910645,130914000,AMZN,3.8136423,3.6589999198913574,-0.12650012969970703,0.0
2008-05-15,3.694499969482422,3.815999984741211,3.677500009536743,3.805999994277954,3.805999994277954,138354000,AMZN,3.855159,3.8229999542236333,0.016999959945679155,0.0
2008-05-16,3.821000099182129,3.8415000438690186,3.743000030517578,3.822999954223633,3.822999954223633,124134000,AMZN,3.9486778,4.114500045776367,0.2915000915527344,0.0
2008-05-23,3.927500009536743,3.94350004196167,3.871500015258789,3.9175000190734863,3.9175000190734863,126638000,AMZN,3.8974981,4.031000137329102,0.0,-0.11350011825561523
2008-06-05,4.105500221252441,4.24399995803833,4.090000152587891,4.225500106811523,4.225500106811523,178774000,AMZN,4.326743,4.031499862670898,-0.194000244140625,0.0
2008-06-16,3.9210000038146973,4.126500129699707,3.9205000400543213,4.085000038146973,4.085000038146973,115088000,AMZN,4.233058,4.148499965667725,0.06349992752075195,0.0
2008-06-17,4.15749979019165,4.215000152587891,4.139999866485596,4.148499965667725,4.148499965667725,176048000,AMZN,4.3432846,4.125999927520752,-0.022500038146972656,0.0
2008-06-23,4.065000057220459,4.107500076293945,3.9774999618530273,4.033999919891357,4.033999919891357,148516000,AMZN,4.0588903,3.9820001125335693,-0.051999807357788086,0.0
2008-06-24,3.9774999618530273,4.0395002365112305,3.881500005722046,3.9820001125335693,3.9820001125335693,142802000,AMZN,3.9979784,4.0254998207092285,0.04349970817565918,0.0
2008-06-25,4.022500038146973,4.107500076293945,3.9760000705718994,4.0254998207092285,4.0254998207092285,147866000,AMZN,4.154282,3.815000057220459,-0.21049976348876953,0.0
2008-06-26,3.9549999237060547,3.994499921798706,3.799999952316284,3.815000057220459,3.815000057220459,226202000,AMZN,3.8544059,3.7330000400543213,-0.0820000171661377,0.0
2008-07-09,3.7279999256134033,3.744999885559082,3.5239999294281006,3.5304999351501465,3.5304999351501465,138242000,AMZN,3.682709,3.531500101089477,0.0010001659393306106,0.0
2008-07-24,3.815000057220459,4.11899995803833,3.814500093460083,3.936000108718872,3.936000108718872,619932000,AMZN,4.2756863,3.9154999256134033,-0.02050018310546875,0.0
2008-07-29,3.82450008392334,3.940000057220459,3.808000087738037,3.9105000495910645,3.9105000495910645,135418000,AMZN,3.9776802,3.910500049591064,-4.440892098500626e-16,0.0
2008-07-31,3.8375000953674316,3.9084999561309814,3.805000066757202,3.816999912261963,3.816999912261963,106014000,AMZN,3.7971764,3.7874999046325684,0.0,0.02950000762939453
2008-08-18,4.304500102996826,4.314000129699707,4.1519999504089355,4.1554999351501465,4.1554999351501465,130948000,AMZN,4.075959,4.064499855041504,0.0,0.09100008010864258
2008-08-21,4.070499897003174,4.188499927520752,4.048999786376953,4.163000106811523,4.163000106811523,123156000,AMZN,4.2260323,4.263000011444092,0.09999990463256836,0.0
2008-09-04,4.03000020980835,4.040500164031982,3.9010000228881836,3.9014999866485596,3.9014999866485596,166330000,AMZN,4.0038176,3.9595000743865967,0.05800008773803711,0.0
2008-09-05,3.867000102996826,4.035999774932861,3.8540000915527344,3.9595000743865967,3.9595000743865967,161382000,AMZN,4.1137714,4.058000087738037,0.09850001335144043,0.0
2008-09-12,3.940500020980835,3.9800000190734863,3.8310000896453857,3.9149999618530273,3.9149999618530273,129602000,AMZN,4.059802,3.867000102996826,-0.04799985885620117,0.0
2008-09-15,3.8429999351501465,3.99399995803833,3.815000057220459,3.867000102996826,3.867000102996826,179616000,AMZN,3.945793,3.9365000724792485,0.06949996948242232,0.0
2008-09-24,3.615000009536743,3.682499885559082,3.447000026702881,3.497999906539917,3.497999906539917,187448000,AMZN,3.5997117,3.604000091552735,0.10600018501281783,0.0
2008-09-25,3.5329999923706055,3.637500047683716,3.500499963760376,3.6040000915527344,3.6040000915527344,121460000,AMZN,3.7464554,3.5350000858306885,-0.0690000057220459,0.0
2008-10-06,3.203000068664551,3.2945001125335693,3.0234999656677246,3.2614998817443848,3.2614998817443848,267710000,AMZN,3.2498538,2.926000118255615,0.0,0.33549976348877
2008-10-23,2.1684999465942383,2.5455000400543213,2.1654999256134033,2.5160000324249268,2.5160000324249268,652038000,AMZN,2.572351,2.447999954223633,-0.06800007820129395,0.0
2008-10-29,2.7764999866485596,2.989500045776367,2.7260000705718994,2.8445000648498535,2.8445000648498535,303926000,AMZN,3.0495074,2.8355000019073486,-0.009000062942504883,0.0
2008-10-31,2.80049991607666,2.862499952316284,2.750499963760376,2.861999988555908,2.861999988555908,170692000,AMZN,2.7301748,2.7885000705718994,0.0,0.07349991798400879
2008-11-12,2.19950008392334,2.2720000743865967,2.0450000762939453,2.078000068664551,2.078000068664551,295372000,AMZN,2.1695015,2.2465000152587895,0.16849994659423873,0.0
2008-11-18,1.9865000247955322,2.0329999923706055,1.8040000200271606,1.9220000505447388,1.9220000505447388,300984000,AMZN,2.0186727,1.7920000553131106,-0.1299999952316282,0.0
2008-11-20,1.7645000219345093,1.9859999418258667,1.7339999675750732,1.7515000104904175,1.7515000104904175,368478000,AMZN,1.9337913,1.8934999704360964,0.14199995994567893,0.0
2008-12-02,2.069499969482422,2.0855000019073486,1.940999984741211,2.059499979019165,2.059499979019165,174274000,AMZN,2.1116967,2.2604999542236333,0.20099997520446822,0.0
2008-12-05,2.2945001125335693,2.424499988555908,2.1649999618530273,2.4130001068115234,2.4130001068115234,292176000,AMZN,2.4334083,2.570499897003174,0.1574997901916504,0.0
2008-12-09,2.490499973297119,2.7239999771118164,2.484999895095825,2.5625,2.5625,266296000,AMZN,2.600336,2.4849998950958256,-0.07750010490417436,0.0
2008-12-15,2.5325000286102295,2.547499895095825,2.4075000286102295,2.442500114440918,2.442500114440918,145708000,AMZN,2.431735,2.6315000057220463,0.0,-0.18899989128112837
2008-12-30,2.4755001068115234,2.560499906539917,2.437000036239624,2.5380001068115234,2.5380001068115234,132026000,AMZN,2.5685325,2.563999891281128,0.025999784469604492,0.0
2009-01-14,2.505000114440918,2.505000114440918,2.4070000648498535,2.424499988555908,2.424499988555908,208852000,AMZN,2.44224,2.5720000267028813,0.1475000381469731,0.0
2009-01-20,2.5374999046325684,2.5850000381469727,2.4135000705718994,2.421999931335449,2.421999931335449,135344000,AMZN,2.6037545,2.526999950408936,0.10500001907348677,0.0
2009-01-26,2.509000062942505,2.5445001125335693,2.4260001182556152,2.4814999103546143,2.4814999103546143,143114000,AMZN,2.5422535,2.421999931335449,-0.05949997901916504,0.0
2009-01-28,2.4860000610351562,2.57450008392334,2.448499917984009,2.5179998874664307,2.5179998874664307,161132000,AMZN,2.671753,2.5000000000000004,-0.01799988746643022,0.0
2009-01-29,2.497999906539917,2.5924999713897705,2.4570000171661377,2.5,2.5,359336000,AMZN,2.5886695,2.940999984741211,0.44099998474121094,0.0
2009-02-24,3.0985000133514404,3.305000066757202,3.0945000648498535,3.2799999713897705,3.2799999713897705,205428000,AMZN,3.298407,3.1854999065399165,-0.09450006484985396,0.0
2009-03-09,3.109999895095825,3.2014999389648438,3.007499933242798,3.0244998931884766,3.0244998931884766,271228000,AMZN,3.2303195,3.285500049591064,0.26100015640258745,0.0
2009-03-13,3.4820001125335693,3.486999988555908,3.376499891281128,3.43149995803833,3.43149995803833,178068000,AMZN,3.512107,3.3489999771118164,-0.08249998092651367,0.0
2009-03-19,3.569999933242798,3.5954999923706055,3.4619998931884766,3.505000114440918,3.505000114440918,176382000,AMZN,3.5069072,3.4979999065399165,-0.007000207901001421,0.0
2009-03-25,3.6545000076293945,3.697499990463257,3.492000102996826,3.619999885559082,3.619999885559082,157912000,AMZN,3.598703,3.6844999790191646,0.0,-0.06450009346008256
2009-03-27,3.5804998874664307,3.614500045776367,3.505000114440918,3.5260000228881836,3.5260000228881836,171376000,AMZN,3.4834907,3.572000026702881,0.0,-0.046000003814697266
2009-04-02,3.68149995803833,3.861999988555908,3.671999931335449,3.816999912261963,3.816999912261963,221338000,AMZN,3.8800845,3.9084999561309814,0.09150004386901855,0.0
2009-04-07,3.8485000133514404,3.8540000915527344,3.74399995803833,3.7755000591278076,3.7755000591278076,114976000,AMZN,3.7863128,3.8489999771118164,0.07349991798400879,0.0
2009-04-14,3.9000000953674316,3.9730000495910645,3.8469998836517334,3.8610000610351562,3.8610000610351562,123208000,AMZN,3.8723836,3.7355000972747803,-0.12549996376037598,0.0
2009-05-04,4.013000011444092,4.067500114440918,3.942500114440918,3.9885001182556152,3.9885001182556152,140386000,AMZN,4.0659437,4.09499979019165,0.10649967193603516,0.0
2009-05-06,4.144000053405762,4.179999828338623,3.9830000400543213,4.0995001792907715,4.0995001792907715,172080000,AMZN,4.172299,3.963999986648559,-0.13550019264221236,0.0
2009-05-18,3.697999954223633,3.7980000972747803,3.6549999713897705,3.797499895095825,3.797499895095825,136582000,AMZN,3.9156234,3.8935000896453857,0.09600019454956055,0.0
2009-05-19,3.7715001106262207,3.947999954223633,3.75600004196167,3.8935000896453857,3.8935000896453857,160578000,AMZN,4.0524735,3.8984999656677246,0.004999876022338867,0.0
2009-05-21,3.8375000953674316,3.8984999656677246,3.7699999809265137,3.7980000972747803,3.7980000972747803,112810000,AMZN,3.851888,3.7820000648498535,-0.016000032424926758,0.0
2009-06-02,4.120999813079834,4.272500038146973,4.105000019073486,4.246500015258789,4.246500015258789,187940000,AMZN,4.4366,4.283999919891357,0.03749990463256836,0.0
2009-06-05,4.314499855041504,4.397500038146973,4.264999866485596,4.377999782562256,4.377999782562256,165270000,AMZN,4.3565154,4.317999839782715,0.0,0.059999942779541016
2009-06-10,4.379000186920166,4.427999973297119,4.241499900817871,4.329500198364258,4.329500198364258,121472000,AMZN,4.275319,4.2845001220703125,0.0,0.04500007629394531
2009-07-17,4.289999961853027,4.324999809265137,4.260000228881836,4.292500019073486,4.292500019073486,101032000,AMZN,4.296682,4.411499977111816,0.11899995803833008,0.0
2009-07-27,4.311999797821045,4.32450008392334,4.177999973297119,4.211999893188477,4.211999893188477,225586000,AMZN,4.4027705,4.249000072479248,0.037000179290771484,0.0
2009-07-29,4.223499774932861,4.275000095367432,4.176000118255615,4.2170000076293945,4.2170000076293945,130058000,AMZN,4.3440485,4.304500102996826,0.08750009536743164,0.0
2009-07-30,4.2820000648498535,4.362500190734863,4.258500099182129,4.304500102996826,4.304500102996826,145064000,AMZN,4.414245,4.288000106811523,-0.016499996185302734,0.0
2009-08-03,4.328000068664551,4.409999847412109,4.328000068664551,4.372000217437744,4.372000217437744,133260000,AMZN,4.4592385,4.289999961853027,-0.0820002555847168,0.0
2009-08-05,4.2820000648498535,4.287499904632568,4.151000022888184,4.2144999504089355,4.2144999504089355,145588000,AMZN,4.2318044,4.223499774932861,0.008999824523925781,0.0
2009-08-18,4.070499897003174,4.134500026702881,4.0395002365112305,4.105999946594238,4.105999946594238,117688000,AMZN,4.259184,4.150000095367432,0.04400014877319336,0.0
2009-08-19,4.045499801635742,4.150000095367432,4.024499893188477,4.150000095367432,4.150000095367432,103412000,AMZN,4.217395,4.204500198364258,0.05450010299682617,0.0
2009-08-20,4.14900016784668,4.21750020980835,4.132999897003174,4.204500198364258,4.204500198364258,107500000,AMZN,4.3442516,4.25,0.04549980163574219,0.0
2009-08-28,4.238999843597412,4.249499797821045,4.128499984741211,4.138000011444092,4.138000011444092,92414000,AMZN,4.2047195,4.059500217437744,-0.07849979400634766,0.0
2009-09-11,4.2220001220703125,4.244999885559082,4.188000202178955,4.2270002365112305,4.2270002365112305,120138000,AMZN,4.344357,4.192999839782715,-0.034000396728515625,0.0
2009-09-14,4.190499782562256,4.228499889373779,4.172999858856201,4.192999839782715,4.192999839782715,71440000,AMZN,4.227861,4.177499771118164,-0.015500068664550781,0.0
2009-09-15,4.208499908447266,4.2204999923706055,4.139500141143799,4.177499771118164,4.177499771118164,88936000,AMZN,4.165159,4.534999847412109,0.0,-0.3575000762939453
2009-09-21,4.484499931335449,4.538000106811523,4.423999786376953,4.5279998779296875,4.5279998779296875,84186000,AMZN,4.5129,4.6875,0.0,-0.1595001220703125
2009-10-01,4.625,4.644999980926514,4.518499851226807,4.552000045776367,4.552000045776367,132902000,AMZN,4.671688,4.492499828338623,-0.05950021743774414,0.0
2009-10-06,4.4664998054504395,4.553999900817871,4.420000076293945,4.545499801635742,4.545499801635742,139274000,AMZN,4.677596,4.698500156402588,0.1530003547668457,0.0
2009-10-07,4.574999809265137,4.723999977111816,4.557499885559082,4.698500156402588,4.698500156402588,148902000,AMZN,4.875022,4.761000156402588,0.0625,0.0
2009-10-08,4.739999771118164,4.835999965667725,4.71150016784668,4.761000156402588,4.761000156402588,193486000,AMZN,4.9325514,4.7855000495910645,0.024499893188476562,0.0
2009-10-14,4.810999870300293,4.890999794006348,4.801000118255615,4.873000144958496,4.873000144958496,111136000,AMZN,4.9721394,4.80049991607666,-0.07250022888183594,0.0
2009-10-19,4.767499923706055,4.814000129699707,4.712500095367432,4.734000205993652,4.734000205993652,120348000,AMZN,4.838627,4.749000072479248,0.014999866485595703,0.0
2009-10-21,4.763500213623047,4.831500053405762,4.645500183105469,4.671000003814697,4.671000003814697,155224000,AMZN,4.8158555,4.672500133514404,0.0015001296997070312,0.0
2009-10-27,6.146500110626221,6.2129998207092285,5.9710001945495605,6.103499889373779,6.103499889373779,406084000,AMZN,6.2511787,6.081999778747559,-0.021500110626220703,0.0
2009-10-28,6.078499794006348,6.25600004196167,6.038000106811523,6.081999778747559,6.081999778747559,337754000,AMZN,6.1129584,6.129000186920167,0.04700040817260831,0.0
2009-11-02,5.933000087738037,5.974999904632568,5.8354997634887695,5.941999912261963,5.941999912261963,225600000,AMZN,5.746674,5.918499946594238,0.0,0.02349996566772461
2009-11-20,6.388000011444092,6.499499797821045,6.370500087738037,6.482999801635742,6.482999801635742,133052000,AMZN,6.5404778,6.650000095367431,0.16700029373168856,0.0
2009-12-03,7.181000232696533,7.295499801635742,7.03849983215332,7.058499813079834,7.058499813079834,330470000,AMZN,7.2148986,6.879000186920166,-0.17949962615966797,0.0
2009-12-18,6.395500183105469,6.439499855041504,6.28249979019165,6.423999786376953,6.423999786376953,192108000,AMZN,6.500643,6.639500141143799,0.2155003547668457,0.0
2009-12-24,6.960000038146973,6.985000133514404,6.876999855041504,6.923500061035156,6.923500061035156,102576000,AMZN,7.051289,6.9654998779296875,0.04199981689453125,0.0
2009-12-28,6.987500190734863,7.098999977111816,6.926499843597412,6.9654998779296875,6.9654998779296875,175278000,AMZN,6.946026,6.9704999923706055,0.0,-0.005000114440917969
2009-12-29,7.064499855041504,7.129000186920166,6.927499771118164,6.9704999923706055,6.9704999923706055,168012000,AMZN,7.0400224,6.82450008392334,-0.14599990844726562,0.0
2009-12-30,6.920000076293945,6.920000076293945,6.763999938964844,6.82450008392334,6.82450008392334,138264000,AMZN,6.7170854,6.72599983215332,0.0,0.09850025177001953
2009-12-31,6.854499816894531,6.863999843597412,6.72599983215332,6.72599983215332,6.72599983215332,90460000,AMZN,6.721004,6.695000171661377,0.0,0.03099966049194336
2010-01-05,6.671500205993652,6.77400016784668,6.5904998779296875,6.734499931335449,6.734499931335449,177038000,AMZN,6.73416,6.612500190734863,0.0,0.12199974060058594
2010-01-13,6.394999980926514,6.485499858856201,6.287499904632568,6.45550012588501,6.45550012588501,214464000,AMZN,6.5362563,6.367499828338623,-0.08800029754638672,0.0
2010-01-20,6.356500148773193,6.460000038146973,6.254000186920166,6.289000034332275,6.289000034332275,181494000,AMZN,6.3752203,6.330999851226806,0.04199981689453036,0.0
2010-01-28,6.221499919891357,6.360000133514404,6.139999866485596,6.301499843597412,6.301499843597412,545862000,AMZN,6.4601903,6.270500183105468,-0.030999660491944248,0.0
2010-02-09,5.909999847412109,5.954500198364258,5.849999904632568,5.901500225067139,5.901500225067139,184460000,AMZN,5.85862,5.868000030517578,0.0,0.03350019454956055
2010-03-04,6.298999786376953,6.442500114440918,6.278500080108643,6.426499843597412,6.426499843597412,150194000,AMZN,6.327823,6.445499897003174,0.0,-0.01900005340576172
2010-03-10,6.45550012588501,6.558499813079834,6.423999786376953,6.5254998207092285,6.5254998207092285,112514000,AMZN,6.4484153,6.678999900817871,0.0,-0.15350008010864258
2010-03-11,6.522500038146973,6.681000232696533,6.51800012588501,6.678999900817871,6.678999900817871,144816000,AMZN,6.624481,6.591000080108643,0.0,0.08799982070922852
2010-03-12,6.710000038146973,6.710000038146973,6.559000015258789,6.591000080108643,6.591000080108643,123016000,AMZN,6.628686,6.55649995803833,-0.0345001220703125,0.0
2010-03-22,6.510000228881836,6.547999858856201,6.432000160217285,6.523499965667725,6.523499965667725,107668000,AMZN,6.5668125,6.462999820709228,-0.06050014495849698,0.0
2010-03-23,6.54449987411499,6.546999931335449,6.403500080108643,6.4629998207092285,6.4629998207092285,84262000,AMZN,6.5019546,6.4019999504089355,-0.06099987030029297,0.0
2010-03-29,6.768499851226807,6.831500053405762,6.7164998054504395,6.75600004196167,6.75600004196167,92538000,AMZN,6.7793617,6.828999996185303,0.07299995422363281,0.0
2010-04-19,7.117499828338623,7.183499813079834,6.956500053405762,7.121500015258789,7.121500015258789,120440000,AMZN,7.0531425,7.210000038146972,0.0,-0.0885000228881827
2010-04-22,7.350500106811523,7.554500102996826,7.294000148773193,7.504499912261963,7.504499912261963,303316000,AMZN,7.55011,7.18149995803833,-0.3229999542236328,0.0
2010-05-04,6.781000137329102,6.790500164031982,6.419000148773193,6.491499900817871,6.491499900817871,253356000,AMZN,6.4826007,6.546500205993652,0.0,-0.05500030517578125
2010-05-18,6.506999969482422,6.5625,6.2754998207092285,6.314000129699707,6.314000129699707,105138000,AMZN,6.4065404,6.22949981689453,-0.08450031280517667,0.0
2010-05-28,6.303500175476074,6.380000114440918,6.200500011444092,6.2729997634887695,6.2729997634887695,79096000,AMZN,6.3248606,6.1620001792907715,-0.11099958419799805,0.0
2010-06-09,6.015500068664551,6.073500156402588,5.868000030517578,5.895500183105469,5.895500183105469,147384000,AMZN,6.1380816,6.1605000495910645,0.2649998664855957,0.0
2010-06-10,6.0,6.175000190734863,5.960000038146973,6.1605000495910645,6.1605000495910645,121236000,AMZN,6.2397847,6.151500225067138,-0.00899982452392667,0.0
2010-06-14,6.211999893188477,6.284999847412109,6.175000190734863,6.191500186920166,6.191500186920166,78460000,AMZN,6.304059,6.342000007629395,0.1504998207092294,0.0
2010-06-15,6.159999847412109,6.3460001945495605,6.125,6.3420000076293945,6.3420000076293945,90820000,AMZN,6.2998652,6.34499979019165,0.0,-0.0029997825622558594
2010-06-16,6.269499778747559,6.39900016784668,6.26800012588501,6.34499979019165,6.34499979019165,79286000,AMZN,6.393987,6.294499874114991,-0.05049991607665927,0.0
2010-06-25,5.9070000648498535,6.0879998207092285,5.881499767303467,6.050000190734863,6.050000190734863,115394000,AMZN,6.1860204,5.889999866485595,-0.16000032424926847,0.0
2010-06-29,5.813000202178955,5.823999881744385,5.30049991607666,5.430500030517578,5.430500030517578,257326000,AMZN,5.428189,5.4629998207092285,0.0,-0.03249979019165039
2010-07-06,5.53249979019165,5.626500129699707,5.449999809265137,5.502999782562256,5.502999782562256,104386000,AMZN,5.629108,5.671500205993652,0.16850042343139648,0.0
2010-07-08,5.750999927520752,5.874000072479248,5.703499794006348,5.810999870300293,5.810999870300293,135500000,AMZN,6.0029435,5.862999916076661,0.052000045776368076,0.0
2010-07-20,6.0304999351501465,6.0355000495910645,5.875500202178955,6.005000114440918,6.005000114440918,135700000,AMZN,5.9859467,5.871500015258788,0.0,0.1335000991821298
2010-07-23,5.296500205993652,5.964000225067139,5.289999961853027,5.94350004196167,5.94350004196167,848422000,AMZN,5.6965504,5.920000076293945,0.0,0.02349996566772461
2010-07-27,5.921500205993652,5.925000190734863,5.753499984741211,5.856500148773193,5.856500148773193,155922000,AMZN,5.6851563,5.856500148773194,0.0,-8.881784197001252e-16
2010-07-30,5.776500225067139,5.936999797821045,5.725500106811523,5.894499778747559,5.894499778747559,141550000,AMZN,5.872054,6.00349998474121,0.0,-0.10900020599365146
2010-08-11,6.40500020980835,6.406000137329102,6.260000228881836,6.29449987411499,6.29449987411499,110834000,AMZN,6.216115,6.328000068664552,0.0,-0.033500194549561435
2010-08-12,6.188000202178955,6.349999904632568,6.177499771118164,6.328000068664551,6.328000068664551,87358000,AMZN,6.200069,6.234499931335449,0.0,0.09350013732910156
2010-08-27,6.2729997634887695,6.331999778747559,6.112500190734863,6.331999778747559,6.331999778747559,101600000,AMZN,6.3151894,6.189499855041503,0.0,0.14249992370605558
2010-09-01,6.317999839782715,6.630000114440918,6.308499813079834,6.624499797821045,6.624499797821045,142766000,AMZN,6.8113794,6.760499954223634,0.13600015640258878,0.0
2010-09-09,7.019499778747559,7.06850004196167,6.9629998207092285,7.019000053405762,7.019000053405762,99160000,AMZN,7.047073,7.122000217437744,0.10300016403198242,0.0
2010-09-15,7.24399995803833,7.281000137329102,7.177999973297119,7.272500038146973,7.272500038146973,98072000,AMZN,7.21548,7.406499862670898,0.0,-0.13399982452392578
2010-10-05,7.854000091552734,8.060500144958496,7.850500106811523,8.043499946594238,8.043499946594238,112400000,AMZN,8.175056,7.769999980926514,-0.2734999656677246,0.0
2010-10-12,7.625500202178955,7.847499847412109,7.570000171661377,7.823999881744385,7.823999881744385,105616000,AMZN,7.8526344,7.75850009918213,-0.06549978256225497,0.0
2010-10-19,8.034000396728516,8.140000343322754,7.849999904632568,7.933499813079834,7.933499813079834,150500000,AMZN,7.8628516,7.933499813079833,0.0,8.881784197001252e-16
2010-10-20,7.939000129699707,7.993500232696533,7.828499794006348,7.933499813079834,7.933499813079834,115808000,AMZN,7.976341,8.248499870300293,0.315000057220459,0.0
2010-10-27,8.445500373840332,8.487500190734863,8.32699966430664,8.375499725341797,8.375499725341797,114436000,AMZN,8.336023,8.342000007629395,0.0,0.033499717712402344
2010-11-05,8.467499732971191,8.582500457763672,8.429499626159668,8.53849983215332,8.53849983215332,104244000,AMZN,8.6213045,8.599499702453613,0.06099987030029297,0.0
2010-11-23,8.430500030517578,8.440500259399414,8.230999946594238,8.40999984741211,8.40999984741211,129306000,AMZN,8.462037,8.862500190734863,0.4525003433227539,0.0
2010-11-29,8.999500274658203,9.092000007629395,8.878499984741211,8.974499702453613,8.974499702453613,193900000,AMZN,8.862169,8.770000457763672,0.0,0.2044992446899414
2010-11-30,8.84749984741211,8.885000228881836,8.744999885559082,8.770000457763672,8.770000457763672,135244000,AMZN,8.6715355,8.827500343322754,0.0,-0.05749988555908203
2010-12-06,8.776000022888184,8.921500205993652,8.729999542236328,8.90250015258789,8.90250015258789,113084000,AMZN,8.8923025,8.838500022888184,0.0,0.06400012969970703
2010-12-10,8.744000434875488,8.797499656677246,8.668000221252441,8.781000137329102,8.781000137329102,71310000,AMZN,8.78123,8.712499618530273,-0.06850051879882812,0.0
2010-12-16,8.779000282287598,8.914999961853027,8.751999855041504,8.902000427246094,8.902000427246094,82430000,AMZN,9.002924,8.878999710083008,-0.023000717163085938,0.0
2010-12-27,9.095000267028809,9.156999588012695,9.022500038146973,9.107000350952148,9.107000350952148,44988000,AMZN,9.038179,9.054499626159668,0.0,0.05250072479248047
2010-12-31,9.097999572753906,9.114999771118164,8.975500106811523,9.0,9.0,69038000,AMZN,8.966538,9.211000442504883,0.0,-0.2110004425048828
2011-01-07,9.394000053405762,9.422499656677246,9.187000274658203,9.274499893188477,9.274499893188477,104434000,AMZN,9.300313,9.234000205993652,-0.04049968719482422,0.0
2011-01-11,9.270999908447266,9.300000190734863,9.160499572753906,9.217000007629395,9.217000007629395,56284000,AMZN,9.246685,9.204000473022461,-0.012999534606933594,0.0
2011-01-14,9.274999618530273,9.446999549865723,9.246000289916992,9.4375,9.4375,73256000,AMZN,9.526176,9.5625,0.125,0.0
2011-01-25,8.774999618530273,8.837499618530273,8.71399974822998,8.835000038146973,8.835000038146973,93020000,AMZN,8.898118,8.769499778747559,-0.06550025939941406,0.0
2011-01-27,8.87399959564209,9.25,8.865500450134277,9.22249984741211,9.22249984741211,291888000,AMZN,9.288124,8.557000160217285,-0.6654996871948242,0.0
2011-02-09,9.157500267028809,9.32349967956543,9.11299991607666,9.265000343322754,9.265000343322754,166254000,AMZN,9.353026,9.310500144958496,0.04549980163574219,0.0
2011-02-10,9.219499588012695,9.362000465393066,9.180000305175781,9.310500144958496,9.310500144958496,106628000,AMZN,9.295404,9.462499618530273,0.0,-0.15199947357177734
2011-02-16,9.488499641418457,9.5,9.317500114440918,9.331000328063965,9.331000328063965,92564000,AMZN,9.211335,9.387999534606934,0.0,-0.05699920654296875
2011-02-24,8.843000411987305,8.987500190734863,8.727999687194824,8.887499809265137,8.887499809265137,93130000,AMZN,8.9565935,8.862000465393066,-0.025499343872070312,0.0
2011-02-28,8.695500373840332,8.794500350952148,8.607500076293945,8.66450023651123,8.66450023651123,135664000,AMZN,8.65903,8.472000122070312,0.0,0.19250011444091797
2011-03-01,8.67650032043457,8.697999954223633,8.433500289916992,8.472000122070312,8.472000122070312,116942000,AMZN,8.652749,8.60099983215332,0.1289997100830078,0.0
2011-03-04,8.630999565124512,8.637499809265137,8.475500106811523,8.583499908447266,8.583499908447266,98486000,AMZN,8.605579,8.454000473022461,-0.1294994354248047,0.0
2011-03-14,8.329999923706055,8.404000282287598,8.228500366210938,8.33650016784668,8.33650016784668,80440000,AMZN,8.393444,8.253999710083008,-0.08250045776367188,0.0
2011-03-24,8.410499572753906,8.600000381469727,8.368000030517578,8.555000305175781,8.555000305175781,125664000,AMZN,8.702042,8.548999786376953,-0.006000518798828125,0.0
2011-03-25,8.581999778747559,8.674500465393066,8.515000343322754,8.548999786376953,8.548999786376953,85876000,AMZN,8.638591,8.467499732971191,-0.08150005340576172,0.0
2011-03-31,8.965499877929688,9.078499794006348,8.925000190734863,9.006500244140625,9.006500244140625,96530000,AMZN,8.946587,9.006500244140625,0.0,0.0
2011-04-01,9.079000473022461,9.162500381469727,8.929499626159668,9.006500244140625,9.006500244140625,113682000,AMZN,8.90714,9.147000312805176,0.0,-0.14050006866455078
2011-04-05,9.104999542236328,9.317999839782715,9.09000015258789,9.26449966430664,9.26449966430664,111384000,AMZN,9.153365,9.137999534606934,0.0,0.12650012969970703
2011-04-18,8.918999671936035,8.945500373840332,8.768500328063965,8.916999816894531,8.916999816894531,92330000,AMZN,8.883723,8.940999984741211,0.0,-0.024000167846679688
2011-04-19,8.917499542236328,8.97350025177002,8.829999923706055,8.940999984741211,8.940999984741211,52920000,AMZN,9.062031,9.193499565124512,0.2524995803833008,0.0
2011-04-26,9.31350040435791,9.321000099182129,9.036999702453613,9.114999771118164,9.114999771118164,224000000,AMZN,9.09861,9.831500053405762,0.0,-0.7165002822875977
2011-04-29,9.718999862670898,9.829500198364258,9.689000129699707,9.790499687194824,9.790499687194824,132818000,AMZN,9.629967,10.059499740600586,0.0,-0.2690000534057617
2011-05-03,10.050000190734863,10.129500389099121,9.834500312805176,9.922499656677246,9.922499656677246,122000000,AMZN,9.959496,9.998499870300293,0.07600021362304688,0.0
2011-05-06,9.954999923706055,9.977999687194824,9.82800006866455,9.880000114440918,9.880000114440918,80278000,AMZN,9.816524,10.039999961853027,0.0,-0.15999984741210938
2011-05-19,9.916500091552734,9.9975004196167,9.8774995803833,9.9399995803833,9.9399995803833,74024000,AMZN,10.116764,9.932499885559082,-0.00749969482421875,0.0
2011-05-20,9.897500038146973,9.989999771118164,9.862000465393066,9.932499885559082,9.932499885559082,67620000,AMZN,9.996284,9.810999870300293,-0.12150001525878906,0.0
2011-05-23,9.777999877929688,9.864500045776367,9.60099983215332,9.810999870300293,9.810999870300293,84000000,AMZN,9.774223,9.66349983215332,0.0,0.14750003814697266
2011-05-25,9.678500175476074,9.717499732971191,9.557000160217285,9.61299991607666,9.61299991607666,93226000,AMZN,9.657916,9.75,0.13700008392333984,0.0
2011-06-03,9.56149959564209,9.660499572753906,9.380999565124512,9.416000366210938,9.416000366210938,99490000,AMZN,9.462962,9.284500122070312,-0.131500244140625,0.0
2011-06-16,9.286999702453613,9.350000381469727,9.079500198364258,9.182499885559082,9.182499885559082,120642000,AMZN,9.173295,9.318499565124512,0.0,-0.1359996795654297
2011-06-17,9.325499534606934,9.369500160217285,9.232000350952148,9.318499565124512,9.318499565124512,126444000,AMZN,9.407902,9.38599967956543,0.06750011444091797,0.0
2011-06-22,9.697999954223633,9.760000228881836,9.565999984741211,9.581500053405762,9.581500053405762,62594000,AMZN,9.700964,9.708000183105469,0.12650012969970703,0.0
2011-07-18,10.626500129699707,10.669500350952148,10.41450023651123,10.576499938964844,10.576499938964844,57962000,AMZN,10.621191,10.902999877929688,0.32649993896484375,0.0
2011-07-26,10.749500274658203,10.779999732971191,10.517499923706055,10.708999633789062,10.708999633789062,197272000,AMZN,10.660165,11.12600040435791,0.0,-0.41700077056884766
2011-07-27,11.219499588012695,11.359999656677246,10.980999946594238,11.12600040435791,11.12600040435791,259112000,AMZN,11.51,11.194999694824219,0.0689992904663086,0.0
2011-08-15,10.102999687194824,10.263999938964844,9.916000366210938,10.147500038146973,10.147500038146973,95718000,AMZN,10.269492,9.883999824523926,-0.2635002136230469,0.0
2011-08-29,10.140999794006348,10.333499908447266,10.1274995803833,10.326499938964844,10.326499938964844,90220000,AMZN,10.534951,10.545999526977539,0.2194995880126953,0.0
2011-08-30,10.288999557495117,10.624500274658203,10.215999603271484,10.545999526977539,10.545999526977539,118314000,AMZN,10.377135,10.761500358581543,0.0,-0.2155008316040039
2011-09-06,10.238499641418457,10.829999923706055,10.22350025177002,10.809000015258789,10.809000015258789,124324000,AMZN,10.43605,10.994999885559082,0.0,-0.18599987030029297
2011-09-07,10.9399995803833,11.009499549865723,10.711000442504883,10.994999885559082,10.994999885559082,105916000,AMZN,11.006977,10.86299991607666,-0.13199996948242188,0.0
2011-09-12,10.4375,10.833000183105469,10.432499885559082,10.82800006866455,10.82800006866455,106842000,AMZN,10.6310005,10.976499557495117,0.0,-0.1484994888305664
2011-09-15,11.19950008392334,11.359999656677246,11.0625,11.33899974822998,11.33899974822998,112176000,AMZN,11.2897625,11.96500015258789,0.0,-0.6260004043579102
2011-10-06,11.013999938964844,11.180999755859375,10.8774995803833,11.075499534606934,11.075499534606934,136986000,AMZN,11.303113,11.237000465393066,0.1615009307861328,0.0
2011-10-21,11.845499992370605,11.850000381469727,11.529999732971191,11.73900032043457,11.73900032043457,91450000,AMZN,11.799116,11.880499839782715,0.14149951934814453,0.0
2011-11-07,10.842000007629395,11.010000228881836,10.699999809265137,10.850000381469727,10.850000381469727,77200000,AMZN,10.820882,10.899499893188477,0.0,-0.04949951171875
2011-11-25,9.520500183105469,9.541500091552734,9.075499534606934,9.119999885559082,9.119999885559082,99440000,AMZN,9.264521,9.707500457763672,0.5875005722045898,0.0
2011-12-01,9.592499732971191,9.903499603271484,9.579500198364258,9.856499671936035,9.856499671936035,146554000,AMZN,9.8982935,9.80150032043457,-0.054999351501464844,0.0
2011-12-02,9.853500366210938,9.982999801635742,9.758999824523926,9.80150032043457,9.80150032043457,150524000,AMZN,9.863989,9.812000274658203,0.010499954223632812,0.0
2011-12-08,9.678500175476074,9.794500350952148,9.503999710083008,9.52400016784668,9.52400016784668,87222000,AMZN,9.525157,9.65149974822998,0.12749958038330078,0.0
2011-12-16,9.121000289916992,9.220499992370605,9.01550006866455,9.062999725341797,9.062999725341797,133282000,AMZN,9.096579,8.966500282287598,-0.09649944305419922,0.0
2011-12-20,9.134499549865723,9.158499717712402,9.027000427246094,9.12600040435791,9.12600040435791,92002000,AMZN,9.131442,8.717499732971191,-0.40850067138671875,0.0
2012-01-04,8.96049976348877,9.024999618530273,8.803500175476074,8.875499725341797,8.875499725341797,84104000,AMZN,8.93248,8.880499839782715,0.005000114440917969,0.0
2012-01-06,8.903499603271484,9.232500076293945,8.875,9.130499839782715,9.130499839782715,140168000,AMZN,9.148216,8.928000450134277,-0.2024993896484375,0.0
2012-01-09,9.137999534606934,9.218500137329102,8.850000381469727,8.928000450134277,8.928000450134277,101138000,AMZN,8.970244,8.967000007629395,0.03899955749511719,0.0
2012-01-12,8.970999717712402,8.974499702453613,8.787500381469727,8.796500205993652,8.796500205993652,107716000,AMZN,8.691206,8.920999526977539,0.0,-0.12449932098388672
2012-01-26,9.46500015258789,9.742500305175781,9.43649959564209,9.666000366210938,9.666000366210938,117472000,AMZN,9.6483,9.768500328063965,0.0,-0.10249996185302734
2012-02-03,9.141500473022461,9.395000457763672,9.094499588012695,9.383999824523926,9.383999824523926,162410000,AMZN,9.382616,9.156999588012695,0.0,0.22700023651123047
2012-02-13,9.358499526977539,9.625,9.284000396728516,9.579500198364258,9.579500198364258,121428000,AMZN,9.644554,9.5649995803833,-0.014500617980957031,0.0
2012-02-15,9.564499855041504,9.57699966430664,9.163000106811523,9.22350025177002,9.22350025177002,155888000,AMZN,9.285654,8.996500015258789,-0.22700023651123047,0.0
2012-02-16,8.88949966430664,9.083999633789062,8.756999969482422,8.996500015258789,8.996500015258789,251276000,AMZN,8.690152,9.125,0.0,-0.12849998474121094
2012-03-01,8.994500160217285,9.024499893188477,8.829000473022461,9.001999855041504,9.001999855041504,98720000,AMZN,8.912111,8.96500015258789,0.0,0.03699970245361328
2012-03-21,9.625,9.71399974822998,9.562999725341797,9.58650016784668,9.58650016784668,84288000,AMZN,9.829905,9.619999885559082,0.033499717712402344,0.0
2012-03-28,10.307000160217285,10.350000381469727,10.01550006866455,10.057999610900879,10.057999610900879,124900000,AMZN,9.993719,10.230500221252441,0.0,-0.1725006103515625
2012-03-30,10.25100040435791,10.342499732971191,10.093500137329102,10.125499725341797,10.125499725341797,88762000,AMZN,10.132948,9.90250015258789,-0.22299957275390625,0.0
2012-04-02,9.901000022888184,9.994999885559082,9.850000381469727,9.90250015258789,9.90250015258789,128606000,AMZN,9.658989,9.982999801635742,0.0,-0.08049964904785156
2012-04-04,9.84749984741211,9.883999824523926,9.618000030517578,9.69950008392334,9.69950008392334,109138000,AMZN,9.607423,9.719499588012695,0.0,-0.01999950408935547
2012-04-09,9.60099983215332,9.710000038146973,9.524999618530273,9.593500137329102,9.593500137329102,62718000,AMZN,9.616158,9.348999977111816,-0.24450016021728516,0.0
2012-04-12,9.402999877929688,9.61299991607666,9.280500411987305,9.534500122070312,9.534500122070312,80558000,AMZN,9.665702,9.42300033569336,-0.11149978637695312,0.0
2012-04-17,9.36050033569336,9.501999855041504,9.343500137329102,9.419500350952148,9.419500350952148,56584000,AMZN,9.604725,9.553500175476074,0.13399982452392578,0.0
2012-04-26,9.678500175476074,9.817999839782715,9.651000022888184,9.799500465393066,9.799500465393066,204680000,AMZN,9.780298,11.342499732971191,0.0,-1.542999267578125
2012-05-11,11.297499656677246,11.534000396728516,11.286499977111816,11.383999824523926,11.383999824523926,83872000,AMZN,11.584818,11.146499633789062,-0.23750019073486328,0.0
2012-05-18,10.970499992370605,10.981499671936035,10.64050006866455,10.692500114440918,10.692500114440918,104634000,AMZN,10.661226,10.905500411987305,0.0,-0.21300029754638672
2012-05-23,10.73550033569336,10.8774995803833,10.559000015258789,10.86400032043457,10.86400032043457,84876000,AMZN,10.930589,10.76200008392334,-0.10200023651123047,0.0
2012-06-01,10.42199993133545,10.56149959564209,10.364999771118164,10.41100025177002,10.41100025177002,79030000,AMZN,10.4993105,10.728500366210938,0.31750011444091797,0.0
2012-06-13,10.776000022888184,10.869000434875488,10.675999641418457,10.736499786376953,10.736499786376953,46504000,AMZN,10.675655,10.72249984741211,0.0,0.01399993896484375
2012-06-15,10.76449966430664,10.966500282287598,10.722999572753906,10.917499542236328,10.917499542236328,75704000,AMZN,10.929034,11.133000373840332,0.2155008316040039,0.0
2012-06-26,11.072500228881836,11.319499969482422,11.072500228881836,11.280500411987305,11.280500411987305,75082000,AMZN,11.280244,11.281000137329102,0.0,-0.000499725341796875
2012-06-27,11.250499725341797,11.375,11.164999961853027,11.281000137329102,11.281000137329102,55984000,AMZN,11.296182,11.065500259399414,-0.2154998779296875,0.0
2012-07-02,11.46500015258789,11.467000007629395,11.317000389099121,11.465999603271484,11.465999603271484,46614000,AMZN,11.538438,11.476499557495117,0.010499954223632812,0.0
2012-07-03,11.456999778747559,11.476499557495117,11.379500389099121,11.476499557495117,11.476499557495117,26634000,AMZN,11.466314,11.352999687194824,0.0,0.12349987030029297
2012-07-05,11.430999755859375,11.524999618530273,11.326499938964844,11.352999687194824,11.352999687194824,53646000,AMZN,11.328141,11.2524995803833,0.0,0.10050010681152344
2012-08-10,11.654000282287598,11.742500305175781,11.571499824523926,11.637499809265137,11.637499809265137,37050000,AMZN,11.635899,11.621999740600586,0.0,0.015500068664550781
2012-08-16,11.88599967956543,12.140999794006348,11.8100004196167,12.077500343322754,12.077500343322754,86242000,AMZN,12.18375,12.058500289916992,-0.01900005340576172,0.0
2012-08-17,12.029999732971191,12.167499542236328,12.023500442504883,12.058500289916992,12.058500289916992,61716000,AMZN,12.151578,12.017499923706055,-0.0410003662109375,0.0
2012-08-28,12.19849967956543,12.33899974822998,12.149999618530273,12.305500030517578,12.305500030517578,54846000,AMZN,12.269763,12.355999946594238,0.0,-0.050499916076660156
2012-09-12,12.824999809265137,12.888999938964844,12.675000190734863,12.781499862670898,12.781499862670898,45464000,AMZN,12.760989,13.01200008392334,0.0,-0.2305002212524414
2012-09-17,13.0625,13.0625,12.850000381469727,12.899999618530273,12.899999618530273,46126000,AMZN,12.844126,12.9375,0.0,-0.03750038146972656
2012-09-19,12.97249984741211,13.142000198364258,12.92650032043457,13.083999633789062,13.083999633789062,52736000,AMZN,13.130059,13.040499687194822,-0.04349994659424006,0.0
2012-09-20,13.001500129699707,13.043499946594238,12.899999618530273,13.040499687194824,13.040499687194824,58272000,AMZN,13.025947,12.873499870300293,0.0,0.16699981689453125
2012-09-24,12.76099967956543,12.779999732971191,12.649999618530273,12.739999771118164,12.739999771118164,54158000,AMZN,12.723999,12.623000144958494,0.0,0.11699962615966975
2012-10-19,12.258000373840332,12.340999603271484,11.946999549865723,12.0,12.0,87906000,AMZN,12.089664,11.689000129699705,-0.31099987030029475,0.0
2012-10-22,11.940500259399414,11.947500228881836,11.616000175476074,11.689000129699707,11.689000129699707,90000000,AMZN,11.622851,11.715499877929688,0.0,-0.02649974822998047
2012-10-25,11.545999526977539,11.545999526977539,11.145999908447266,11.145999908447266,11.145999908447266,134826000,AMZN,11.152378,11.911999702453615,0.7659997940063494,0.0
2012-10-31,11.815999984741211,11.9350004196167,11.524999618530273,11.644499778747559,11.644499778747559,95952000,AMZN,11.957213,11.607000350952148,-0.037499427795410156,0.0
2012-11-15,11.114999771118164,11.258000373840332,10.909000396728516,11.029999732971191,11.029999732971191,68094000,AMZN,11.016509,11.261500358581543,0.0,-0.23150062561035156
2012-11-16,11.065500259399414,11.3125,10.932000160217285,11.261500358581543,11.261500358581543,87056000,AMZN,11.284568,11.48550033569336,0.2239999771118164,0.0
2012-11-27,12.16100025177002,12.283499717712402,12.07699966430664,12.170000076293945,12.170000076293945,60970000,AMZN,12.077056,12.355500221252441,0.0,-0.1855001449584961
2012-11-29,12.40250015258789,12.62399959564209,12.375,12.56350040435791,12.56350040435791,106210000,AMZN,12.458494,12.602499961853027,0.0,-0.03899955749511719
2012-12-04,12.496999740600586,12.649999618530273,12.432999610900879,12.624500274658203,12.624500274658203,62294000,AMZN,12.394071,12.697999954223633,0.0,-0.07349967956542969
2012-12-06,12.649999618530273,12.758500099182129,12.575499534606934,12.668499946594238,12.668499946594238,71158000,AMZN,12.556758,12.66349983215332,0.0,0.005000114440917969
2012-12-07,12.706999778747559,12.760499954223633,12.600500106811523,12.66349983215332,12.66349983215332,43406000,AMZN,12.618632,12.388500213623047,0.0,0.27499961853027344
2012-12-10,12.654999732971191,12.73900032043457,12.364999771118164,12.388500213623047,12.388500213623047,70076000,AMZN,12.307913,12.53450012207031,0.0,-0.14599990844726385
2012-12-19,13.0649995803833,13.083499908447266,12.883999824523926,12.899499893188477,12.899499893188477,46000000,AMZN,13.068326,13.074999809265135,0.17549991607665838,0.0
2012-12-28,12.292499542236328,12.371999740600586,12.2524995803833,12.258999824523926,12.258999824523926,37174000,AMZN,12.385609,12.54349994659424,0.2845001220703143,0.0
2013-01-10,13.427000045776367,13.437000274658203,13.114999771118164,13.267000198364258,13.267000198364258,57268000,AMZN,13.107812,13.397000312805176,0.0,-0.13000011444091797
2013-01-14,13.399999618530273,13.713000297546387,13.376999855041504,13.636500358581543,13.636500358581543,85500000,AMZN,13.611043,13.595000267028809,0.0,0.041500091552734375
2013-02-04,13.138999938964844,13.234000205993652,12.953499794006348,12.99899959564209,12.99899959564209,74472000,AMZN,13.051454,13.344499588012695,0.34549999237060547,0.0
2013-02-05,13.100000381469727,13.40149974822998,13.072999954223633,13.344499588012695,13.344499588012695,80258000,AMZN,13.477833,13.111000061035156,-0.23349952697753906,0.0
2013-02-13,13.076499938964844,13.498000144958496,13.015000343322754,13.47350025177002,13.47350025177002,105860000,AMZN,13.583838,13.461999893188477,-0.011500358581542969,0.0
2013-03-01,13.16349983215332,13.329999923706055,13.052000045776367,13.286999702453613,13.286999702453613,59140000,AMZN,13.273465,13.655500411987305,0.0,-0.3685007095336914
2013-03-27,12.9375,13.296500205993652,12.895000457763672,13.265000343322754,13.265000343322754,57498000,AMZN,13.297551,13.32450008392334,0.05949974060058594,0.0
2013-03-28,13.291000366210938,13.369000434875488,13.20300006866455,13.32450008392334,13.32450008392334,49474000,AMZN,13.416732,13.080499649047852,-0.24400043487548828,0.0
2013-04-04,12.96150016784668,13.020500183105469,12.805999755859375,12.954000473022461,12.954000473022461,39288000,AMZN,12.824365,12.77400016784668,0.0,0.18000030517578125
2013-04-11,13.237000465393066,13.548500061035156,13.237000465393066,13.492500305175781,13.492500305175781,61810000,AMZN,13.553824,13.643500328063965,0.1510000228881836,0.0
2013-04-12,13.505999565124512,13.66349983215332,13.35099983215332,13.643500328063965,13.643500328063965,57326000,AMZN,13.622782,13.38599967956543,0.0,0.25750064849853516
2013-04-29,12.744999885559082,12.850500106811523,12.457500457763672,12.487000465393066,12.487000465393066,142340000,AMZN,12.554727,12.690500259399416,0.20349979400634943,0.0
2013-05-07,12.815500259399414,12.987000465393066,12.645500183105469,12.886500358581543,12.886500358581543,62674000,AMZN,12.911596,12.934000015258789,0.047499656677246094,0.0
2013-05-15,13.353500366210938,13.452500343322754,13.227999687194824,13.32800006866455,13.32800006866455,54410000,AMZN,13.202266,13.206000328063965,0.0,0.12199974060058594
2013-05-21,13.437000274658203,13.53849983215332,13.383000373840332,13.442999839782715,13.442999839782715,34824000,AMZN,13.395579,13.14799976348877,0.0,0.2950000762939453
2013-05-30,13.285499572753906,13.428500175476074,13.280500411987305,13.341500282287598,13.341500282287598,33350000,AMZN,13.357393,13.46000003814697,0.11849975585937322,0.0
2013-05-31,13.300000190734863,13.595499992370605,13.29699993133545,13.460000038146973,13.460000038146973,67486000,AMZN,13.489397,13.343999862670898,-0.11600017547607422,0.0
2013-06-13,13.574999809265137,13.84000015258789,13.51449966430664,13.78950023651123,13.78950023651123,52996000,AMZN,13.679846,13.69950008392334,0.0,0.09000015258789062
2013-06-19,14.062999725341797,14.166999816894531,13.893500328063965,13.907999992370605,13.907999992370605,56550000,AMZN,13.915313,13.671999931335447,-0.23600006103515803,0.0
2013-06-24,13.564499855041504,13.657999992370605,13.25,13.530500411987305,13.530500411987305,77276000,AMZN,13.47952,13.604499816894531,0.0,-0.07399940490722656
2013-07-02,14.052000045776367,14.329000473022461,14.029500007629395,14.18649959564209,14.18649959564209,64764000,AMZN,14.24684,14.201499938964844,0.015000343322753906,0.0
2013-07-03,14.100000381469727,14.270000457763672,14.100000381469727,14.201499938964844,14.201499938964844,27460000,AMZN,14.187009,14.293999671936035,0.0,-0.0924997329711914
2013-08-20,14.293999671936035,14.475500106811523,14.286999702453613,14.354499816894531,14.354499816894531,31726000,AMZN,14.517889,14.228500366210938,-0.12599945068359375,0.0
2013-08-22,14.239999771118164,14.493499755859375,14.239999771118164,14.486499786376953,14.486499786376953,28452000,AMZN,14.560803,14.500499725341799,0.013999938964845526,0.0
2013-08-23,14.560500144958496,14.574999809265137,14.395000457763672,14.500499725341797,14.500499725341797,39238000,AMZN,14.628454,14.310500144958496,-0.18999958038330078,0.0
2013-08-26,14.521499633789062,14.552499771118164,14.281000137329102,14.310500144958496,14.310500144958496,34234000,AMZN,14.338893,14.046500205993654,-0.263999938964842,0.0
2013-09-12,14.969499588012695,15.100000381469727,14.883000373840332,14.942999839782715,14.942999839782715,32124000,AMZN,14.769226,14.895999908447264,0.0,0.046999931335450995
2013-09-13,15.006999969482422,15.01099967956543,14.8100004196167,14.895999908447266,14.895999908447266,27012000,AMZN,14.719539,14.803000450134276,0.0,0.09299945831299006
2013-10-01,15.711000442504883,16.049999237060547,15.682499885559082,16.047500610351562,16.047500610351562,47928000,AMZN,16.060392,16.02549934387207,-0.022001266479492188,0.0
2013-10-03,16.019500732421875,16.145999908447266,15.651000022888184,15.73799991607666,15.73799991607666,53496000,AMZN,15.794739,15.95199966430664,0.21399974822998047,0.0
2013-10-08,15.574999809265137,15.577500343322754,15.013500213623047,15.161499977111816,15.161499977111816,63324000,AMZN,15.116677,14.911499977111818,0.0,0.24999999999999822
2013-11-08,17.297500610351562,17.552499771118164,17.20199966430664,17.515499114990234,17.515499114990234,53138000,AMZN,17.58088,17.7189998626709,0.20350074768066406,0.0
2013-11-11,17.529499053955078,17.76849937438965,17.402999877929688,17.7189998626709,17.7189998626709,45234000,AMZN,17.990343,17.476499557495117,-0.24250030517578125,0.0
2013-11-14,17.86949920654297,18.44700050354004,17.821500778198242,18.3700008392334,18.3700008392334,83196000,AMZN,18.674616,18.458499908447266,0.08849906921386719,0.0
2013-11-15,18.381500244140625,18.645000457763672,18.27750015258789,18.458499908447266,18.458499908447266,89832000,AMZN,18.70589,18.30900001525879,-0.14949989318847656,0.0
2013-11-29,19.454999923706055,19.704999923706055,19.430999755859375,19.680999755859375,19.680999755859375,48120000,AMZN,19.748083,19.614999771118164,-0.06599998474121094,0.0
2013-12-02,19.950000762939453,19.950000762939453,19.454999923706055,19.614999771118164,19.614999771118164,94280000,AMZN,19.65743,19.232999801635742,-0.3819999694824219,0.0
2013-12-16,19.25149917602539,19.584999084472656,19.25,19.44849967956543,19.44849967956543,45034000,AMZN,19.61603,19.38249969482422,-0.06599998474121094,0.0
2013-12-19,19.713499069213867,19.864500045776367,19.6299991607666,19.75950050354004,19.75950050354004,48544000,AMZN,19.903994,20.110000610351562,0.35050010681152344,0.0
2013-12-20,19.827499389648438,20.236000061035156,19.788999557495117,20.110000610351562,20.110000610351562,100678000,AMZN,20.11012,20.145999908447266,0.035999298095703125,0.0
2013-12-27,20.232500076293945,20.2814998626709,19.8125,19.90399932861328,19.90399932861328,39738000,AMZN,19.953066,19.668500900268555,-0.23549842834472656,0.0
2014-01-06,19.792499542236328,19.850000381469727,19.42099952697754,19.681499481201172,19.681499481201172,63412000,AMZN,19.582676,19.901500701904297,0.0,-0.220001220703125
2014-01-08,19.923500061035156,20.149999618530273,19.802000045776367,20.09600067138672,20.09600067138672,46330000,AMZN,20.182903,20.050500869750977,-0.04549980163574219,0.0
2014-01-16,19.68400001525879,19.964500427246094,19.470500946044922,19.790000915527344,19.790000915527344,52024000,AMZN,19.697939,19.980499267578125,0.0,-0.19049835205078125
2014-01-17,19.71299934387207,20.17449951171875,19.683000564575195,19.980499267578125,19.980499267578125,90102000,AMZN,20.016508,20.352500915527344,0.37200164794921875,0.0
2014-01-28,19.3700008392334,19.73699951171875,19.356000900268555,19.721500396728516,19.721500396728516,57890000,AMZN,19.725052,19.209999084472656,-0.5115013122558594,0.0
2014-02-05,17.299999237060547,17.4685001373291,16.886499404907227,17.322500228881836,17.322500228881836,88708000,AMZN,17.37713,17.72949981689453,0.4069995880126953,0.0
2014-02-07,17.948999404907227,18.09000015258789,17.624500274658203,18.054000854492188,18.054000854492188,86610000,AMZN,18.2822,18.043500900268555,-0.010499954223632812,0.0
2014-02-14,17.966999053955078,17.966999053955078,17.667499542236328,17.86750030517578,17.86750030517578,70404000,AMZN,17.79075,17.6825008392334,0.0,0.1849994659423828
2014-02-26,17.993000030517578,18.237499237060547,17.85849952697754,17.989999771118164,17.989999771118164,72442000,AMZN,17.92758,18.006500244140625,0.0,-0.016500473022460938
2014-03-06,18.702499389648438,18.76650047302246,18.44499969482422,18.607999801635742,18.607999801635742,58532000,AMZN,18.42204,18.60300064086914,0.0,0.0049991607666015625
2014-03-12,18.31999969482422,18.558000564575195,18.180500030517578,18.531999588012695,18.531999588012695,44332000,AMZN,18.181282,18.57550048828125,0.0,-0.04350090026855469
2014-03-24,18.004499435424805,18.075000762939453,17.43000030517578,17.592500686645508,17.592500686645508,97470000,AMZN,17.463583,17.73550033569336,0.0,-0.14299964904785156
2014-03-31,17.1200008392334,17.31450080871582,16.702999114990234,16.818500518798828,16.818500518798828,85950000,AMZN,17.124586,17.149499893188477,0.33099937438964844,0.0
2014-04-04,16.75749969482422,16.77199935913086,15.780500411987305,16.149999618530273,16.149999618530273,250692000,AMZN,16.045488,15.887999534606934,0.0,0.26200008392333984
2014-04-10,16.530000686645508,16.549999237060547,15.824999809265137,15.855500221252441,15.855500221252441,122534000,AMZN,15.886001,15.58650016784668,-0.2690000534057617,0.0
2014-04-30,14.904999732971191,15.227999687194824,14.904999732971191,15.206500053405762,15.206500053405762,81772000,AMZN,15.1707945,15.394499778747559,0.0,-0.18799972534179688
2014-05-15,14.901000022888184,14.960000038146973,14.519000053405762,14.759499549865723,14.759499549865723,85902000,AMZN,14.495932,14.885000228881834,0.0,-0.1255006790161115
2014-05-27,15.720499992370605,15.731499671936035,15.369000434875488,15.541000366210938,15.541000366210938,97242000,AMZN,15.401335,15.508000373840334,0.0,0.03299999237060369
2014-05-28,15.475000381469727,15.690999984741211,15.371000289916992,15.508000373840332,15.508000373840332,54520000,AMZN,15.297945,15.689000129699707,0.0,-0.180999755859375
2014-06-04,15.342499732971191,15.475000381469727,15.192000389099121,15.33899974822998,15.33899974822998,42142000,AMZN,15.219666,16.178499221801758,0.0,-0.8394994735717773
2014-06-09,16.578500747680664,16.649999618530273,16.282499313354492,16.375,16.375,64244000,AMZN,16.312511,16.620500564575195,0.0,-0.2455005645751953
2014-06-11,16.799999237060547,17.035999298095703,16.694000244140625,16.760000228881836,16.760000228881836,88736000,AMZN,16.803896,16.295499801635742,-0.46450042724609375,0.0
2014-06-12,16.77750015258789,16.77750015258789,16.232999801635742,16.295499801635742,16.295499801635742,85526000,AMZN,16.070555,16.313499450683594,0.0,-0.017999649047851562
2014-06-16,16.243000030517578,16.434499740600586,16.176000595092773,16.381000518798828,16.381000518798828,48996000,AMZN,16.180695,16.2810001373291,0.0,0.10000038146972656
2014-06-18,16.399999618530273,16.787500381469727,16.25,16.7189998626709,16.7189998626709,128030000,AMZN,16.60038,16.350000381469727,0.0,0.3689994812011719
2014-06-20,16.38800048828125,16.410999298095703,16.020999908447266,16.209999084472656,16.209999084472656,121080000,AMZN,16.079428,16.36199951171875,0.0,-0.15200042724609375
2014-06-26,16.42449951171875,16.4325008392334,16.10650062561035,16.284500122070312,16.284500122070312,53990000,AMZN,16.33378,16.228500366210938,-0.055999755859375,0.0
2014-07-01,16.292999267578125,16.65999984741211,16.2549991607666,16.61949920654297,16.61949920654297,63472000,AMZN,16.695421,16.642499923706055,0.023000717163085938,0.0
2014-07-16,17.7810001373291,17.965999603271484,17.649999618530273,17.795000076293945,17.795000076293945,70072000,AMZN,17.735601,17.622499465942383,0.0,0.1725006103515625
2014-07-21,17.905000686645508,18.085500717163086,17.836000442504883,17.988000869750977,17.988000869750977,45568000,AMZN,17.882492,18.04199981689453,0.0,-0.05399894714355469
2014-07-29,16.099000930786133,16.145000457763672,15.975000381469727,16.0,16.0,57676000,AMZN,16.142008,16.125499725341797,0.12549972534179688,0.0
2014-07-30,16.072500228881836,16.136499404907227,15.925000190734863,16.125499725341797,16.125499725341797,79380000,AMZN,16.351133,15.649499893188477,-0.4759998321533203,0.0
2014-08-01,15.684499740600586,15.791500091552734,15.229499816894531,15.352999687194824,15.352999687194824,148830000,AMZN,15.576056,15.682499885559082,0.3295001983642578,0.0
2014-08-04,15.442000389099121,15.809000015258789,15.425000190734863,15.682499885559082,15.682499885559082,84018000,AMZN,16.059734,15.616000175476072,-0.06649971008300959,0.0
2014-08-08,15.597000122070312,15.866000175476074,15.532999992370605,15.84000015258789,15.84000015258789,54118000,AMZN,15.8327465,15.916500091552733,0.0,-0.07649993896484197
2014-08-11,15.923999786376953,16.018999099731445,15.843999862670898,15.916500091552734,15.916500091552734,49372000,AMZN,16.026928,15.965999603271484,0.04949951171875,0.0
2014-08-18,16.77400016784668,16.889999389648438,16.688499450683594,16.726499557495117,16.726499557495117,49708000,AMZN,16.61101,16.756500244140625,0.0,-0.030000686645507812
2014-08-19,16.743499755859375,16.79050064086914,16.65049934387207,16.756500244140625,16.756500244140625,34276000,AMZN,16.45435,16.788999557495117,0.0,-0.03249931335449219
2014-08-28,17.0,17.089500427246094,16.940000534057617,17.000999450683594,17.000999450683594,45054000,AMZN,16.791285,16.95199966430664,0.0,0.048999786376953125
2014-09-03,17.12700080871582,17.16349983215332,16.877500534057617,16.950000762939453,16.950000762939453,39874000,AMZN,16.903845,17.297500610351562,0.0,-0.3474998474121094
2014-09-25,16.399499893188477,16.427000045776367,16.06999969482422,16.096500396728516,16.096500396728516,58576000,AMZN,16.170277,16.160499572753906,0.06399917602539062,0.0
2014-09-29,16.024999618530273,16.1875,15.949999809265137,16.090999603271484,16.090999603271484,38492000,AMZN,16.09985,16.121999740600586,0.031000137329101562,0.0
2014-10-08,15.829000473022461,16.20549964904785,15.706999778747559,16.135000228881836,16.135000228881836,69056000,AMZN,15.977769,15.768500328063965,0.0,0.3664999008178711
2014-11-04,15.19950008392334,15.212499618530273,15.008500099182129,15.14050006866455,15.14050006866455,68548000,AMZN,14.9016695,14.826000213623047,0.0,0.3144998550415039
2014-11-06,14.834500312805176,14.850000381469727,14.614500045776367,14.831999778747559,14.831999778747559,75162000,AMZN,14.5307865,14.993000030517578,0.0,-0.16100025177001953
2014-11-12,15.537500381469727,15.628999710083008,15.439499855041504,15.575499534606934,15.575499534606934,43660000,AMZN,15.485478,15.824000358581545,0.0,-0.24850082397461115
2014-11-18,16.199499130249023,16.47800064086914,16.162500381469727,16.24650001525879,16.24650001525879,70990000,AMZN,16.004131,16.32699966430664,0.0,-0.08049964904785156
2014-12-02,16.375,16.396499633789062,16.162500381469727,16.315500259399414,16.315500259399414,55806000,AMZN,16.12702,15.824999809265137,0.0,0.49050045013427734
2014-12-19,14.845499992370605,15.07699966430664,14.776000022888184,14.994999885559082,14.994999885559082,174182000,AMZN,15.011725,15.32699966430664,0.3319997787475586,0.0
2014-12-31,15.577500343322754,15.64900016784668,15.500499725341797,15.517499923706055,15.517499923706055,40960000,AMZN,15.34313,15.425999641418459,0.0,0.09150028228759588
2015-01-02,15.628999710083008,15.737500190734863,15.347999572753906,15.425999641418457,15.425999641418457,55664000,AMZN,15.283324,15.10949993133545,0.0,0.3164997100830078
2015-01-06,15.112000465393066,15.149999618530273,14.619000434875488,14.76449966430664,14.76449966430664,70380000,AMZN,14.574543,14.920999526977539,0.0,-0.15649986267089844
2015-01-14,14.596500396728516,14.795499801635742,14.324999809265137,14.66349983215332,14.66349983215332,110774000,AMZN,14.506631,14.34749984741211,0.0,0.31599998474121094
2015-01-27,15.3149995803833,15.51200008392334,15.131500244140625,15.337499618530273,15.337499618530273,58406000,AMZN,15.000996,15.195500373840332,0.0,0.1419992446899414
2015-01-29,15.236499786376953,15.640000343322754,14.966500282287598,15.58899974822998,15.58899974822998,173132000,AMZN,15.151534,17.726499557495117,0.0,-2.1374998092651367
2015-02-03,18.01449966430664,18.391000747680664,18.010499954223633,18.177499771118164,18.177499771118164,124252000,AMZN,17.89764,18.237499237060547,0.0,-0.05999946594238281
2015-02-06,18.743499755859375,18.79949951171875,18.550500869750977,18.714000701904297,18.714000701904297,77848000,AMZN,18.40517,18.527999877929688,0.0,0.18600082397460938
2015-02-12,18.7549991607666,18.925500869750977,18.657499313354492,18.85849952697754,18.85849952697754,55822000,AMZN,18.723372,19.09149932861328,0.0,-0.2329998016357422
2015-02-13,18.920499801635742,19.149999618530273,18.850500106811523,19.09149932861328,19.09149932861328,69502000,AMZN,19.078077,18.771499633789062,0.0,0.31999969482421875
2015-02-25,18.863500595092773,19.392499923706055,18.82699966430664,19.26849937438965,19.26849937438965,63490000,AMZN,19.379126,19.239999771118164,-0.028499603271484375,0.0
2015-03-06,19.275999069213867,19.350000381469727,18.944000244140625,19.004499435424805,19.004499435424805,52540000,AMZN,19.164377,18.92799949645996,-0.07649993896484375,0.0
2015-03-24,18.699499130249023,18.761999130249023,18.613500595092773,18.704500198364258,18.704500198364258,44564000,AMZN,18.550497,18.54800033569336,0.0,0.15649986267089844
2015-04-10,19.215499877929688,19.356000900268555,19.06599998474121,19.13249969482422,19.13249969482422,51470000,AMZN,19.070753,19.118000030517578,0.0,0.014499664306640625
2015-04-16,19.184499740600586,19.372499465942383,19.177499771118164,19.302000045776367,19.302000045776367,41608000,AMZN,19.168598,18.777999877929688,0.0,0.5240001678466797
2015-04-17,19.131500244140625,19.17799949645996,18.719999313354492,18.777999877929688,18.777999877929688,76794000,AMZN,18.581844,19.475500106811523,0.0,-0.6975002288818359
2015-04-20,18.927499771118164,19.597000122070312,18.850000381469727,19.475500106811523,19.475500106811523,100322000,AMZN,19.360235,19.55900001525879,0.0,-0.08349990844726562
2015-04-27,22.19300079345703,22.34950065612793,21.870500564575195,21.92799949645996,21.92799949645996,108618000,AMZN,21.836763,21.465499877929688,0.0,0.46249961853027344
2015-04-30,21.355499267578125,21.587499618530273,20.961999893188477,21.089000701904297,21.089000701904297,72958000,AMZN,20.832386,21.14349937438965,0.0,-0.05449867248535156
2015-05-07,21.207500457763672,21.424999237060547,21.142499923706055,21.3439998626709,21.3439998626709,55322000,AMZN,21.58987,21.684499740600586,0.3404998779296875,0.0
2015-05-11,21.625499725341797,21.950000762939453,21.568500518798828,21.642499923706055,21.642499923706055,47874000,AMZN,21.859999,21.551000595092773,-0.09149932861328125,0.0
2015-05-19,21.243499755859375,21.41200065612793,21.0314998626709,21.085500717163086,21.085500717163086,49284000,AMZN,21.219086,21.19300079345703,0.10750007629394531,0.0
2015-05-21,21.399999618530273,21.844999313354492,21.399999618530273,21.581499099731445,21.581499099731445,82428000,AMZN,21.970617,21.381500244140625,-0.1999988555908203,0.0
2015-05-29,21.361499786376953,21.625,21.361499786376953,21.46150016784668,21.46150016784668,60322000,AMZN,21.464973,21.54599952697754,0.08449935913085938,0.0
2015-06-11,21.614500045776367,21.944499969482422,21.57349967956543,21.648500442504883,21.648500442504883,58450000,AMZN,21.801516,21.496000289916992,-0.15250015258789062,0.0
2015-07-13,22.414499282836914,22.89349937438965,22.37700080871582,22.778499603271484,22.778499603271484,79136000,AMZN,22.822136,23.278499603271484,0.5,0.0
2015-07-22,24.29949951171875,24.625,24.2450008392334,24.41349983215332,24.41349983215332,62298000,AMZN,24.091227,24.108999252319332,0.0,0.3045005798339879
2015-07-27,26.387500762939453,27.247499465942383,26.329999923706055,26.570499420166016,26.570499420166016,149820000,AMZN,26.07965,26.301500320434567,0.0,0.26899909973144887
2015-09-10,25.75749969482422,26.306499481201172,25.73900032043457,26.11199951171875,26.11199951171875,51520000,AMZN,25.800407,26.472000122070312,0.0,-0.3600006103515625
2015-09-15,26.162500381469727,26.395999908447266,25.860000610351562,26.118499755859375,26.118499755859375,57318000,AMZN,25.778233,26.36949920654297,0.0,-0.25099945068359375
2015-09-24,26.52750015258789,26.72800064086914,26.14349937438965,26.6875,26.6875,70020000,AMZN,26.169333,26.212499618530273,0.0,0.47500038146972656
2015-09-28,26.000999450683594,26.013999938964844,24.71649932861328,25.202999114990234,25.202999114990234,108690000,AMZN,24.657194,24.803499221801758,0.0,0.39949989318847656
2015-10-09,26.724000930786133,27.089500427246094,26.513500213623047,26.989999771118164,26.989999771118164,70748000,AMZN,26.719128,27.50950050354004,0.0,-0.519500732421875
2015-10-15,27.387500762939453,28.149999618530273,27.350000381469727,28.121999740600586,28.121999740600586,98740000,AMZN,27.851448,28.538000106811527,0.0,-0.41600036621094105
2015-10-26,30.114999771118164,30.49250030517578,29.81450080871582,30.430500030517578,30.430500030517578,85394000,AMZN,29.989153,30.550500869750977,0.0,-0.12000083923339844
2015-10-29,30.885000228881836,31.37700080871582,30.769500732421875,31.327499389648438,31.327499389648438,77920000,AMZN,31.083376,31.295000076293945,0.0,0.03249931335449219
2015-11-03,31.476499557495117,31.49449920654297,31.100000381469727,31.265499114990234,31.265499114990234,64938000,AMZN,31.010399,32.04750061035156,0.0,-0.7820014953613281
2015-11-04,31.38800048828125,32.29650115966797,31.36750030517578,32.04750061035156,32.04750061035156,96810000,AMZN,31.864763,32.782501220703125,0.0,-0.7350006103515625
2015-11-10,32.550498962402344,33.0,32.362998962402344,32.98400115966797,32.98400115966797,69790000,AMZN,32.749676,33.662498474121094,0.0,-0.678497314453125
2015-11-12,33.650001525878906,33.78200149536133,33.21099853515625,33.279998779296875,33.279998779296875,85694000,AMZN,33.4283,32.11750030517578,-1.1624984741210938,0.0
2015-11-18,32.32550048828125,33.24399948120117,32.31850051879883,33.176998138427734,33.176998138427734,89396000,AMZN,33.287197,33.063499450683594,-0.11349868774414062,0.0
2015-11-19,33.2495002746582,33.643001556396484,32.95000076293945,33.063499450683594,33.063499450683594,94104000,AMZN,33.60314,33.42250061035156,0.35900115966796875,0.0
2015-11-24,33.707000732421875,33.790000915527344,33.06050109863281,33.557498931884766,33.557498931884766,90868000,AMZN,33.606224,33.766998291015625,0.20949935913085938,0.0
2015-12-14,32.087501525878906,32.929500579833984,31.763500213623047,32.89550018310547,32.89550018310547,86594000,AMZN,32.738884,32.93199920654297,0.0,-0.0364990234375
2015-12-17,34.0,34.125,33.532501220703125,33.532501220703125,33.532501220703125,73632000,AMZN,33.81009,33.207000732421875,-0.32550048828125,0.0
2015-12-18,33.432498931884766,33.84199905395508,33.20650100708008,33.207000732421875,33.207000732421875,136826000,AMZN,33.110165,33.22549819946289,0.0,-0.018497467041015625
2015-12-28,33.27799987792969,33.775001525878906,33.275001525878906,33.7599983215332,33.7599983215332,75672000,AMZN,33.5269,34.69850158691406,0.0,-0.9385032653808594
2015-12-29,33.89899826049805,34.821998596191406,33.894500732421875,34.69850158691406,34.69850158691406,114700000,AMZN,34.585224,34.45349884033203,0.0,0.24500274658203125
2015-12-30,34.59450149536133,34.77450180053711,34.319000244140625,34.45349884033203,34.45349884033203,70380000,AMZN,34.356,33.794498443603516,0.0,0.6590003967285156
2015-12-31,34.30400085449219,34.38750076293945,33.794498443603516,33.794498443603516,33.794498443603516,74992000,AMZN,33.41001,31.84950065612793,0.0,1.944997787475586
2016-01-05,32.34299850463867,32.34550094604492,31.38249969482422,31.68950080871582,31.68950080871582,116452000,AMZN,31.679321,31.63249969482422,0.0,0.05700111389160156
2016-01-14,29.012500762939453,30.112499237060547,28.493999481201172,29.649999618530273,29.649999618530273,144760000,AMZN,29.229933,28.509000778198242,0.0,1.1409988403320312
2016-01-20,28.218000411987305,28.922500610351562,27.358999252319336,28.588499069213867,28.588499069213867,159328000,AMZN,27.946115,28.750999450683594,0.0,-0.16250038146972656
2016-01-22,29.436500549316406,30.0049991607666,29.20549964904785,29.819000244140625,29.819000244140625,102402000,AMZN,29.786882,29.82649993896484,0.0,-0.007499694824215197
2016-02-01,28.907499313354492,29.09000015258789,28.515499114990234,28.74049949645996,28.74049949645996,127102000,AMZN,27.918116,27.604999542236328,0.0,1.1354999542236328
2016-02-09,23.90049934387207,24.91900062561035,23.700000762939453,24.103500366210938,24.103500366210938,141558000,AMZN,24.292374,24.524000167846676,0.42049980163573863,0.0
2016-02-16,25.974000930786133,26.22249984741211,25.58300018310547,26.05500030517578,26.05500030517578,102370000,AMZN,25.796282,26.704999923706055,0.0,-0.6499996185302734
2016-02-17,26.437000274658203,26.874000549316406,25.969499588012695,26.704999923706055,26.704999923706055,96480000,AMZN,26.234602,26.249999999999996,0.0,0.45499992370605824
2016-03-02,29.087499618530273,29.25,28.684999465942383,29.010499954223633,29.010499954223633,91644000,AMZN,28.583824,28.874500274658203,0.0,0.1359996795654297
2016-03-08,27.89349937438965,28.5674991607666,27.73699951171875,28.01300048828125,28.01300048828125,94600000,AMZN,27.473791,27.973499298095703,0.0,0.039501190185546875
2016-03-11,28.34749984741211,28.503000259399414,28.136499404907227,28.480499267578125,28.480499267578125,75426000,AMZN,28.334425,28.668500900268555,0.0,-0.1880016326904297
2016-03-17,28.475500106811523,28.56999969482422,27.750499725341797,27.972000122070312,27.972000122070312,118562000,AMZN,27.646534,27.604000091552738,0.0,0.3680000305175746
2016-03-23,28.049999237060547,28.624000549316406,27.905000686645508,28.48150062561035,28.48150062561035,79674000,AMZN,28.551,29.147499084472653,0.6659984588623011,0.0
2016-03-24,28.355499267578125,29.177499771118164,28.354000091552734,29.147499084472656,29.147499084472656,103710000,AMZN,29.034048,28.993499755859375,0.0,0.15399932861328125
2016-04-04,29.950000762939453,29.975000381469727,29.52750015258789,29.659500122070312,29.659500122070312,49416000,AMZN,29.465645,29.30699920654297,0.0,0.35250091552734375
2016-04-05,29.53849983215332,29.673500061035156,29.262500762939453,29.30699920654297,29.30699920654297,46178000,AMZN,28.951813,30.104000091552738,0.0,-0.7970008850097692
2016-04-19,31.85700035095215,31.90049934387207,31.040000915527344,31.395000457763672,31.395000457763672,81118000,AMZN,31.233885,31.649499893188477,0.0,-0.2544994354248047
2016-04-21,31.549999237060547,31.891000747680664,31.424999237060547,31.549999237060547,31.549999237060547,51926000,AMZN,31.44429,31.024999618530277,0.0,0.5249996185302699
2016-04-22,31.223499298095703,31.412500381469727,30.577999114990234,31.024999618530273,31.024999618530273,101678000,AMZN,30.584951,31.30999946594238,0.0,-0.2849998474121058
2016-05-10,34.70000076293945,35.227500915527344,34.67499923706055,35.153499603271484,35.153499603271484,122112000,AMZN,35.071026,35.6614990234375,0.0,-0.5079994201660156
2016-05-13,35.731998443603516,35.962501525878906,35.32550048828125,35.49599838256836,35.49599838256836,95268000,AMZN,35.267326,35.53300094604492,0.0,-0.0370025634765625
2016-05-26,35.416500091552734,35.75,35.364498138427734,35.74549865722656,35.74549865722656,48934000,AMZN,35.904102,35.61199951171875,-0.1334991455078125,0.0
2016-05-27,35.75,35.83000183105469,35.55500030517578,35.61199951171875,35.61199951171875,44984000,AMZN,35.82736,36.13949966430664,0.5275001525878906,0.0
2016-06-15,36.099998474121094,36.12799835205078,35.66749954223633,35.7130012512207,35.7130012512207,54188000,AMZN,35.90176,35.8754997253418,0.16249847412109375,0.0
2016-06-27,34.60049819946289,34.840999603271484,34.10599899291992,34.56800079345703,34.56800079345703,111360000,AMZN,34.268665,35.397499084472656,0.0,-0.829498291015625
2016-06-29,35.787498474121094,35.974998474121094,35.676998138427734,35.779998779296875,35.779998779296875,61402000,AMZN,35.978836,35.78099822998047,0.00099945068359375,0.0
2016-06-30,35.86000061035156,35.96849822998047,35.62699890136719,35.78099822998047,35.78099822998047,57102000,AMZN,35.594414,36.284000396728516,0.0,-0.5030021667480469
2016-07-25,37.32749938964844,37.42499923706055,36.76750183105469,36.980499267578125,36.980499267578125,53586000,AMZN,36.820484,36.77949905395508,0.0,0.20100021362304688
2016-08-03,37.85300064086914,37.94449996948242,37.61249923706055,37.731998443603516,37.731998443603516,71630000,AMZN,37.424194,38.03850173950195,0.0,-0.3065032958984375
2016-08-10,38.4900016784668,38.60499954223633,38.30950164794922,38.428001403808594,38.428001403808594,32086000,AMZN,38.261047,38.5620002746582,0.0,-0.13399887084960938
2016-08-18,38.20000076293945,38.25849914550781,38.029998779296875,38.222999572753906,38.222999572753906,29176000,AMZN,38.092613,37.865501403808594,0.0,0.3574981689453125
2016-08-29,38.43600082397461,38.749000549316406,38.43000030517578,38.56449890136719,38.56449890136719,43972000,AMZN,38.589367,38.37900161743164,-0.18549728393554688,0.0
2016-09-13,38.438499450683594,38.49449920654297,37.95249938964844,38.050498962402344,38.050498962402344,62344000,AMZN,38.000977,38.054500579833984,0.0,-0.004001617431640625
2016-09-15,38.099998474121094,38.54349899291992,37.87900161743164,38.484500885009766,38.484500885009766,60680000,AMZN,38.187286,38.92599868774414,0.0,-0.441497802734375
2016-09-21,39.162498474121094,39.53450012207031,38.95050048828125,39.48699951171875,39.48699951171875,54372000,AMZN,39.265438,40.23500061035156,0.0,-0.7480010986328125
2016-09-27,40.092498779296875,40.832000732421875,40.05550003051758,40.80550003051758,40.80550003051758,76392000,AMZN,40.25955,41.43600082397461,0.0,-0.6305007934570312
2016-10-12,41.70000076293945,41.88349914550781,41.505001068115234,41.704498291015625,41.704498291015625,47608000,AMZN,41.560246,41.4640007019043,0.0,0.24049758911132812
2016-10-18,41.105499267578125,41.16299819946289,40.750999450683594,40.88249969482422,40.88249969482422,50250000,AMZN,41.039738,40.884498596191406,0.0019989013671875,0.0
2016-10-27,41.5620002746582,41.58599853515625,40.77149963378906,40.917999267578125,40.917999267578125,148128000,AMZN,40.81262,38.816001892089844,0.0,2.1019973754882812
2016-11-04,38.13949966430664,38.29999923706055,37.6614990234375,37.752498626708984,37.752498626708984,102442000,AMZN,37.84729,39.246498107910156,1.4939994812011719,0.0
2016-11-08,39.24850082397461,39.58700180053711,38.95500183105469,39.38750076293945,39.38750076293945,68252000,AMZN,39.47957,38.59400177001953,-0.7934989929199219,0.0
2016-11-23,39.08649826049805,39.087501525878906,38.65599822998047,39.00600051879883,39.00600051879883,70806000,AMZN,38.040577,39.01850128173828,0.0,-0.012500762939453125
2016-12-06,38.199501037597656,38.4119987487793,37.86249923706055,38.236000061035156,38.236000061035156,75894000,AMZN,38.056664,38.520999908447266,0.0,-0.2849998474121094
2016-12-08,38.59349822998047,38.68949890136719,38.259498596191406,38.36650085449219,38.36650085449219,63792000,AMZN,38.044323,38.43299865722656,0.0,-0.066497802734375
2016-12-13,38.24800109863281,39.12300109863281,38.099998474121094,38.71699905395508,38.71699905395508,105706000,AMZN,38.185413,38.441001892089844,0.0,0.2759971618652344
2016-12-16,38.25,38.256500244140625,37.70000076293945,37.88850021362305,37.88850021362305,96964000,AMZN,37.36818,38.29999923706055,0.0,-0.4114990234375
2016-12-29,38.619998931884766,38.66999816894531,38.04249954223633,38.25749969482422,38.25749969482422,63166000,AMZN,37.822792,37.493499755859375,0.0,0.7639999389648438
2016-12-30,38.32350158691406,38.369998931884766,37.41400146484375,37.493499755859375,37.493499755859375,82788000,AMZN,37.175583,37.68349838256836,0.0,-0.18999862670898438
2017-01-03,37.895999908447266,37.9379997253418,37.3849983215332,37.68349838256836,37.68349838256836,70422000,AMZN,37.397648,37.85900115966797,0.0,-0.17550277709960938
2017-01-12,40.015499114990234,40.70650100708008,39.974998474121094,40.68199920654297,40.68199920654297,97478000,AMZN,40.21812,40.856998443603516,0.0,-0.17499923706054688
2017-01-19,40.5,40.675498962402344,40.36600112915039,40.45199966430664,40.45199966430664,50816000,AMZN,40.16263,40.416500091552734,0.0,0.03549957275390625
2017-01-20,40.763999938964844,40.80099868774414,40.3129997253418,40.416500091552734,40.416500091552734,67524000,AMZN,40.19113,40.89400100708008,0.0,-0.47750091552734375
2017-01-25,41.28950119018555,41.87099838256836,41.26449966430664,41.82600021362305,41.82600021362305,78452000,AMZN,41.58256,41.95750045776367,0.0,-0.131500244140625
2017-02-01,41.46049880981445,41.68899917602539,41.24700164794922,41.61750030517578,41.61750030517578,77004000,AMZN,41.425907,41.997501373291016,0.0,-0.3800010681152344
2017-02-07,40.46549987792969,40.80799865722656,40.375,40.625,40.625,69322000,AMZN,40.661858,40.98550033569336,0.3605003356933594,0.0
2017-02-15,41.70000076293945,42.140499114990234,41.64099884033203,42.1349983215332,42.1349983215332,59378000,AMZN,41.768063,42.207000732421875,0.0,-0.07200241088867188
2017-02-23,42.878501892089844,43.042999267578125,42.400001525878906,42.609500885009766,42.609500885009766,69240000,AMZN,42.277718,42.262001037597656,0.0,0.3474998474121094
2017-02-27,42.11899948120117,42.625,41.98350143432617,42.43199920654297,42.43199920654297,54272000,AMZN,42.172394,42.25199890136719,0.0,0.18000030517578125
2017-03-06,42.26150131225586,42.42449951171875,42.055999755859375,42.330501556396484,42.330501556396484,52208000,AMZN,42.071716,42.30099868774414,0.0,0.02950286865234375
2017-03-10,42.849998474121094,42.86750030517578,42.58599853515625,42.62300109863281,42.62300109863281,48728000,AMZN,42.516212,42.72949981689453,0.0,-0.10649871826171875
2017-03-15,42.71649932861328,42.72249984741211,42.355499267578125,42.64849853515625,42.64849853515625,51244000,AMZN,42.392303,42.67100143432617,0.0,-0.022502899169921875
2017-03-21,42.94200134277344,43.13999938964844,42.06549835205078,42.15999984741211,42.15999984741211,87658000,AMZN,42.096714,42.40299987792969,0.0,-0.24300003051757812
2017-03-27,41.903499603271484,42.51499938964844,41.67499923706055,42.340999603271484,42.340999603271484,55116000,AMZN,41.87031,42.79999923706055,0.0,-0.4589996337890625
2017-03-28,42.587501525878906,42.92300033569336,42.505001068115234,42.79999923706055,42.79999923706055,60832000,AMZN,42.745346,43.715999603271484,0.0,-0.9160003662109375
2017-04-03,44.400001525878906,44.67449951171875,44.270999908447266,44.57550048828125,44.57550048828125,68446000,AMZN,44.23349,45.34149932861328,0.0,-0.7659988403320312
2017-04-06,45.689998626708984,45.859500885009766,44.7244987487793,44.91400146484375,44.91400146484375,126882000,AMZN,44.4358,44.74399948120117,0.0,0.17000198364257812
2017-04-11,45.35200119018555,45.5620002746582,44.875,45.11800003051758,45.11800003051758,60254000,AMZN,44.85259,44.811500549316406,0.0,0.3064994812011719
2017-04-21,45.13349914550781,45.182498931884766,44.8385009765625,44.92649841308594,44.92649841308594,48410000,AMZN,44.880283,45.37049865722656,0.0,-0.444000244140625
2017-05-04,47.23749923706055,47.25,46.71099853515625,46.87649917602539,46.87649917602539,48368000,AMZN,46.61082,46.70750045776367,0.0,0.16899871826171875
2017-05-10,47.67499923706055,47.6875,47.25,47.4474983215332,47.4474983215332,41930000,AMZN,47.14742,47.38100051879883,0.0,0.066497802734375
2017-05-26,49.75,49.932498931884766,49.462501525878906,49.78900146484375,49.78900146484375,69384000,AMZN,49.596615,49.83499908447265,0.0,-0.045997619628899145
2017-05-30,49.82550048828125,50.060001373291016,49.7760009765625,49.834999084472656,49.834999084472656,65262000,AMZN,49.554707,49.730998992919915,0.0,0.10400009155274148
2017-06-01,49.929500579833984,49.949501037597656,49.56850051879883,49.79750061035156,49.79750061035156,49096000,AMZN,49.55523,50.33649826049804,0.0,-0.5389976501464773
2017-06-19,50.849998474121094,50.849998474121094,49.494998931884766,49.75849914550781,49.75849914550781,100868000,AMZN,50.369488,49.629501342773445,-0.1289978027343679,0.0
2017-07-03,48.63949966430664,48.7244987487793,47.54999923706055,47.68299865722656,47.68299865722656,58182000,AMZN,47.61281,48.56999969482422,0.0,-0.8870010375976562
2017-07-17,50.234500885009766,50.73749923706055,50.19049835205078,50.50199890136719,50.50199890136719,74252000,AMZN,49.991142,51.22249984741211,0.0,-0.7205009460449219
2017-07-20,51.579498291015625,51.74850082397461,51.125999450683594,51.435001373291016,51.435001373291016,61950000,AMZN,50.847294,51.28350067138672,0.0,0.15150070190429688
2017-07-24,51.41699981689453,52.1505012512207,51.371498107910156,51.9474983215332,51.9474983215332,65760000,AMZN,51.466694,51.993499755859375,0.0,-0.046001434326171875
2017-07-26,52.15999984741211,52.65999984741211,52.15999984741211,52.63999938964844,52.63999938964844,58426000,AMZN,52.009598,52.29999923706054,0.0,0.34000015258789773
2017-07-28,50.606998443603516,51.64250183105469,50.04999923706055,51.00199890136719,51.00199890136719,154188000,AMZN,49.889675,49.388999938964844,0.0,1.6129989624023438
2017-08-07,49.532501220703125,49.75,49.356998443603516,49.61349868774414,49.61349868774414,53532000,AMZN,49.67049,49.492000579833984,-0.12149810791015625,0.0
2017-08-11,48.0,48.519500732421875,47.569000244140625,48.39950180053711,48.39950180053711,69360000,AMZN,48.057175,49.165000915527344,0.0,-0.7654991149902344
2017-08-16,49.08250045776367,49.323001861572266,48.6609992980957,48.909000396728516,48.909000396728516,62642000,AMZN,48.489586,48.02849960327149,0.0,0.8805007934570241
2017-08-25,47.79999923706055,47.88100051879883,47.20500183105469,47.26300048828125,47.26300048828125,66496000,AMZN,47.067684,47.30099868774413,0.0,-0.03799819946288352
2017-08-29,47.0,47.79999923706055,46.81650161743164,47.702999114990234,47.702999114990234,57486000,AMZN,47.029755,48.37950134277344,0.0,-0.6765022277832031
2017-09-12,49.16350173950195,49.23350143432617,48.7760009765625,49.12900161743164,49.12900161743164,49622000,AMZN,48.583492,49.97999954223633,0.0,-0.8509979248046875
2017-09-19,48.86249923706055,48.9119987487793,48.37300109863281,48.49300003051758,48.49300003051758,53422000,AMZN,47.952263,48.66049957275391,0.0,-0.16749954223633523
2017-09-20,48.589500427246094,48.740501403808594,48.108001708984375,48.660499572753906,48.660499572753906,57776000,AMZN,48.03878,48.23249816894531,0.0,0.42800140380859375
2017-10-02,48.20000076293945,48.365501403808594,47.60599899291992,47.95949935913086,47.95949935913086,48858000,AMZN,47.70415,47.85499954223632,0.0,0.10449981689453836
2017-10-12,49.84049987792969,50.422000885009766,49.619998931884766,50.04650115966797,50.04650115966797,81346000,AMZN,49.561703,50.14699935913085,0.0,-0.10049819946288352
2017-10-13,50.349998474121094,50.38850021362305,50.05149841308594,50.14699935913086,50.14699935913086,48630000,AMZN,49.722736,50.31700134277344,0.0,-0.17000198364257812
2017-10-16,50.422000885009766,50.47850036621094,50.051998138427734,50.31700134277344,50.31700134277344,40178000,AMZN,49.718517,50.45650100708008,0.0,-0.13949966430664062
2017-10-19,49.5,49.5525016784668,49.012001037597656,49.330501556396484,49.330501556396484,62164000,AMZN,48.549927,49.14550018310547,0.0,0.18500137329101562
2017-10-24,48.45000076293945,48.99250030517578,48.25,48.79499816894531,48.79499816894531,54478000,AMZN,48.370857,48.64550018310547,0.0,0.14949798583984375
2017-10-31,55.45000076293945,55.527000427246094,55.055999755859375,55.263999938964844,55.263999938964844,69540000,AMZN,54.290966,55.183998107910156,0.0,0.0800018310546875
2017-11-02,54.890499114990234,55.09700012207031,54.34349822998047,54.71099853515625,54.71099853515625,73698000,AMZN,54.108704,55.580001831054695,0.0,-0.8690032958984446
2017-11-03,54.557498931884766,55.63399887084961,54.42599868774414,55.58000183105469,55.58000183105469,75030000,AMZN,54.517117,56.03300094604492,0.0,-0.4529991149902344
2017-11-14,56.50550079345703,56.900001525878906,56.19449996948242,56.84199905395508,56.84199905395508,62768000,AMZN,56.605324,56.33449935913086,0.0,0.5074996948242188
2017-11-16,56.507999420166016,56.90800094604492,56.502498626708984,56.864498138427734,56.864498138427734,44266000,AMZN,56.80715,56.49399948120117,0.0,0.3704986572265625
2017-11-17,56.91400146484375,56.939998626708984,56.29050064086914,56.49399948120117,56.49399948120117,48268000,AMZN,56.60393,56.31549835205079,-0.17850112915038352,0.0
2017-11-29,59.7400016784668,59.7400016784668,57.259498596191406,58.063499450683594,58.063499450683594,185150000,AMZN,57.770058,58.837501525878906,0.0,-0.7740020751953125
2017-12-11,58.22999954223633,58.494998931884766,57.849998474121094,58.44599914550781,58.44599914550781,47270000,AMZN,58.43277,58.25400161743164,0.0,0.19199752807617188
2017-12-12,58.32550048828125,58.68000030517578,58.080501556396484,58.25400161743164,58.25400161743164,44718000,AMZN,58.41316,58.20650100708008,-0.0475006103515625,0.0
2017-12-18,59.368499755859375,59.73899841308594,59.045501708984375,59.52899932861328,59.52899932861328,58952000,AMZN,59.344105,59.36899948120118,0.0,0.15999984741210227
2018-01-16,66.1500015258789,66.99700164794922,64.61499786376953,65.24299621582031,65.24299621582031,144414000,AMZN,64.96095,64.75,0.0,0.4929962158203125
2018-01-19,65.5999984741211,65.6500015258789,64.64949798583984,64.72899627685547,64.72899627685547,91570000,AMZN,64.64555,66.3655014038086,0.0,-1.636505126953125
2018-01-25,68.4000015258789,68.91699981689453,67.88099670410156,68.89749908447266,68.89749908447266,95060000,AMZN,68.140526,70.10250091552734,0.0,-1.2050018310546875
2018-01-29,70.45899963378906,71.56950378417969,70.02200317382812,70.88400268554688,70.88400268554688,114038000,AMZN,70.570435,71.89099884033203,0.0,-1.0069961547851562
2018-02-05,70.13099670410156,72.9489974975586,66.03600311279297,69.5,69.5,229900000,AMZN,69.10998,72.14199829101562,0.0,-2.641998291015625
2018-02-06,68.072998046875,72.19950103759766,67.5895004272461,72.14199829101562,72.14199829101562,221336000,AMZN,70.0995,70.83899688720703,0.0,1.3030014038085938
2018-02-16,72.86849975585938,73.29000091552734,72.3280029296875,72.43450164794922,72.43450164794922,89452000,AMZN,72.662315,73.4175033569336,0.983001708984375,0.0
2018-02-20,72.32450103759766,74.4384994506836,72.32450103759766,73.4175033569336,73.4175033569336,129984000,AMZN,73.159775,74.14600372314453,0.0,-0.7285003662109375
2018-03-06,76.66000366210938,77.10649871826172,76.4000015258789,76.88200378417969,76.88200378417969,91234000,AMZN,76.75795,77.25,0.0,-0.3679962158203125
2018-04-03,69.56900024414062,70.69999694824219,67.7665023803711,69.60250091552734,69.60250091552734,204624000,AMZN,69.06691,70.52850341796875,0.0,-0.9260025024414062
2018-04-09,71.25150299072266,71.92400360107422,70.12850189208984,70.30400085449219,70.30400085449219,84164000,AMZN,70.414986,71.81099700927734,1.5069961547851562,0.0
2018-04-13,72.45700073242188,72.98899841308594,71.22599792480469,71.53949737548828,71.53949737548828,73706000,AMZN,71.24327,72.07499694824219,0.0,-0.5354995727539062
2018-04-16,72.25,72.3499984741211,71.3740005493164,72.07499694824219,72.07499694824219,56172000,AMZN,71.14883,75.19149780273438,0.0,-3.1165008544921875
2018-04-23,77.33450317382812,77.4000015258789,75.17050170898438,75.89299774169922,75.89299774169922,89308000,AMZN,74.88551,73.00450134277344,0.0,2.8884963989257812
2018-04-27,81.70050048828125,81.90499877929688,78.36949920654297,78.63099670410156,78.63099670410156,261064000,AMZN,79.0984,78.30650329589844,-0.324493408203125,0.0
2018-05-04,78.12249755859375,79.24500274658203,78.1094970703125,79.04750061035156,79.04750061035156,68872000,AMZN,78.19802,80.00700378417969,0.0,-0.959503173828125
2018-05-08,79.75,79.84400177001953,79.12550354003906,79.61949920654297,79.61949920654297,61358000,AMZN,78.948875,80.4000015258789,0.0,-0.7805023193359375
2018-05-10,80.42400360107422,80.77999877929688,80.1719970703125,80.4540023803711,80.4540023803711,56350000,AMZN,80.25205,80.14550018310547,0.0,0.308502197265625
2018-05-23,78.55249786376953,80.09300231933594,78.31700134277344,80.09300231933594,80.09300231933594,67238000,AMZN,79.39063,80.15350341796875,0.0,-0.0605010986328125
2018-05-25,80.1500015258789,80.70600128173828,80.02249908447266,80.50749969482422,80.50749969482422,53968000,AMZN,80.31757,80.64350128173828,0.0,-0.1360015869140625
2018-05-30,80.90499877929688,81.30000305175781,80.64649963378906,81.24449920654297,81.24449920654297,58148000,AMZN,80.9854,81.48100280761719,0.0,-0.23650360107421875
2018-06-01,81.85150146484375,82.33650207519531,81.75450134277344,82.0770034790039,82.0770034790039,66268000,AMZN,81.804405,83.26349639892578,0.0,-1.186492919921875
2018-06-06,85.22550201416016,85.7249984741211,84.32350158691406,84.7874984741211,84.7874984741211,109464000,AMZN,84.543625,84.46499633789062,0.0,0.32250213623046875
2018-06-07,84.9280014038086,84.99500274658203,83.80549621582031,84.46499633789062,84.46499633789062,75314000,AMZN,83.945946,84.19950103759766,0.0,0.26549530029296875
2018-06-15,85.69999694824219,86.04350280761719,85.4260025024414,85.79850006103516,85.79850006103516,95552000,AMZN,85.402794,86.18949890136719,0.0,-0.39099884033203125
2018-06-20,87.125,88.14649963378906,87.06800079345703,87.50399780273438,87.50399780273438,86652000,AMZN,87.355865,86.51100158691406,0.0,0.9929962158203125
2018-07-18,92.4000015258789,92.94400024414062,91.5634994506836,92.14600372314453,92.14600372314453,97238000,AMZN,91.74491,90.64849853515625,0.0,1.4975051879882812
2018-07-19,91.4729995727539,92.05000305175781,90.5634994506836,90.64849853515625,90.64849853515625,93538000,AMZN,90.48728,90.68499755859375,0.0,-0.0364990234375
2018-07-20,91.25050354003906,91.74199676513672,90.50299835205078,90.68499755859375,90.68499755859375,77688000,AMZN,90.464836,90.0999984741211,0.0,0.5849990844726562
2018-07-30,91.36650085449219,91.4749984741211,88.3010025024414,88.96099853515625,88.96099853515625,131246000,AMZN,89.42696,88.87200164794922,-0.08899688720703125,0.0
2018-08-03,91.88700103759766,92.05000305175781,91.07499694824219,91.16449737548828,91.16449737548828,69210000,AMZN,91.358765,92.38749694824219,1.2229995727539062,0.0
2018-08-06,91.29049682617188,92.38849639892578,90.94599914550781,92.38749694824219,92.38749694824219,67836000,AMZN,91.971375,93.1240005493164,0.0,-0.7365036010742188
2018-08-08,93.05000305175781,94.57550048828125,92.7249984741211,94.32599639892578,94.32599639892578,79260000,AMZN,93.780975,94.9260025024414,0.0,-0.600006103515625
2018-08-13,94.92500305175781,96.25,94.68350219726562,94.80999755859375,94.80999755859375,110630000,AMZN,94.69983,95.98249816894531,0.0,-1.1725006103515625
2018-08-15,95.47750091552734,95.81050109863281,93.489501953125,94.13099670410156,94.13099670410156,154014000,AMZN,93.86128,94.32599639892577,0.0,-0.19499969482420454
2018-08-20,94.52850341796875,94.5875015258789,93.3030014038086,93.83550262451172,93.83550262451172,57240000,AMZN,93.70641,94.17099761962892,0.0,-0.3354949951172017
2018-08-29,97.67250061035156,99.93450164794922,97.4469985961914,99.90499877929688,99.90499877929688,130636000,AMZN,98.84999,100.11900329589842,0.0,-0.2140045166015483
2018-08-30,99.87100219726562,101.27850341796875,99.34500122070312,100.11900329589844,100.11900329589844,145546000,AMZN,99.98627,100.635498046875,0.0,-0.5164947509765625
2018-10-02,99.99949645996094,100.66950225830078,98.28849792480469,98.56549835205078,98.56549835205078,108014000,AMZN,98.84617,97.63800048828125,-0.9274978637695312,0.0
2018-10-05,95.89949798583984,96.4540023803711,93.1415023803711,94.48249816894531,94.48249816894531,136446000,AMZN,94.24355,93.22100067138672,0.0,1.2614974975585938
2018-10-12,90.4000015258789,90.44750213623047,87.12650299072266,89.43049621582031,89.43049621582031,188892000,AMZN,89.51964,88.04750061035156,-1.38299560546875,0.0
2018-10-17,92.1395034790039,92.25,90.3499984741211,91.58650207519531,91.58650207519531,105904000,AMZN,92.063255,88.53600311279297,-3.0504989624023438,0.0
2018-10-18,91.07450103759766,91.50749969482422,88.39350128173828,88.53600311279297,88.53600311279297,117480000,AMZN,89.00171,88.20149993896484,-0.334503173828125,0.0
2018-10-19,89.25800323486328,90.45500183105469,87.6500015258789,88.20149993896484,88.20149993896484,118144000,AMZN,88.24522,89.46499633789062,1.2634963989257812,0.0
2018-10-22,89.19999694824219,90.4749984741211,87.80000305175781,89.46499633789062,89.46499633789062,90000000,AMZN,89.30463,88.43499755859375,0.0,1.029998779296875
2018-10-25,85.16699981689453,89.7405014038086,84.60050201416016,89.1084976196289,89.1084976196289,205714000,AMZN,87.16497,82.1405029296875,0.0,6.967994689941406
2018-10-29,83.0,83.28700256347656,74.75,76.94400024414062,76.94400024414062,277322000,AMZN,76.843575,76.52100372314453,0.0,0.42299652099609375
2018-10-31,78.49949645996094,81.19550323486328,78.25450134277344,79.90049743652344,79.90049743652344,187804000,AMZN,80.00053,83.27649688720703,3.3759994506835938,0.0
2018-11-09,86.625,87.19599914550781,85.09349822998047,85.62149810791016,85.62149810791016,118044000,AMZN,84.33216,81.84249877929688,0.0,3.7789993286132812
2018-11-14,82.81600189208984,83.6500015258789,79.85350036621094,79.95050048828125,79.95050048828125,129738000,AMZN,79.91624,80.97200012207031,0.0,-1.0214996337890625
2018-11-20,71.875,76.73750305175781,71.0,74.77300262451172,74.77300262451172,217576000,AMZN,72.833626,75.83650207519531,0.0,-1.0634994506835938
2018-11-23,75.8499984741211,76.80999755859375,75.09049987792969,75.10299682617188,75.10299682617188,54152000,AMZN,75.160545,79.06649780273438,3.9635009765625,0.0
2018-11-28,80.69599914550781,84.07250213623047,80.06099700927734,83.88749694824219,83.88749694824219,169174000,AMZN,81.958206,83.67849731445312,0.0,0.2089996337890625
2018-12-03,88.4729995727539,88.91699981689453,86.5,88.61799621582031,88.61799621582031,137246000,AMZN,87.33921,83.41999816894531,0.0,5.197998046875
2018-12-17,78.30000305175781,78.80650329589844,75.25050354003906,76.04550170898438,76.04550170898438,176596000,AMZN,76.01114,77.5739974975586,0.0,-1.5284957885742188
2018-12-27,72.70999908447266,73.44999694824219,69.5155029296875,73.08200073242188,73.08200073242188,194440000,AMZN,72.69932,73.9010009765625,0.0,-0.819000244140625
2018-12-31,75.54000091552734,76.03800201416016,74.3499984741211,75.09850311279297,75.09850311279297,139090000,AMZN,75.265175,76.95649719238281,1.8579940795898438,0.0
2019-01-04,76.5,79.69999694824219,75.91549682617188,78.76950073242188,78.76950073242188,183652000,AMZN,77.171074,81.47550201416016,0.0,-2.7060012817382812
2019-01-08,83.2344970703125,83.83049774169922,80.83049774169922,82.8290023803711,82.8290023803711,177628000,AMZN,81.15289,82.97100067138672,0.0,-0.141998291015625
2019-01-09,82.64900207519531,83.38999938964844,82.06999969482422,82.97100067138672,82.97100067138672,126976000,AMZN,81.42148,82.81099700927734,0.0,0.160003662109375
2019-01-18,85.5999984741211,85.80999755859375,84.5770034790039,84.80999755859375,84.80999755859375,120410000,AMZN,84.185036,81.6084976196289,0.0,3.2014999389648438
2019-02-26,81.29900360107422,81.99949645996094,80.80650329589844,81.81999969482422,81.81999969482422,53316000,AMZN,81.075714,82.05449676513672,0.0,-0.2344970703125
2019-03-14,84.55999755859375,85.0999984741211,84.21700286865234,84.31099700927734,84.31099700927734,58932000,AMZN,84.31499,85.61799621582031,1.3069992065429688,0.0
2019-03-15,85.1500015258789,85.94000244140625,84.65650177001953,85.61799621582031,85.61799621582031,151018000,AMZN,84.882286,87.10749816894531,0.0,-1.489501953125
2019-03-18,85.63500213623047,87.5,85.63150024414062,87.10749816894531,87.10749816894531,108582000,AMZN,86.453316,88.09249877929688,0.0,-0.9850006103515625
2019-04-05,91.44999694824219,91.92900085449219,91.2594985961914,91.86399841308594,91.86399841308594,72810000,AMZN,91.577065,92.49299621582031,0.0,-0.628997802734375
2019-04-12,92.41999816894531,92.57499694824219,92.06500244140625,92.15299987792969,92.15299987792969,62288000,AMZN,92.13849,92.24349975585938,0.0,-0.0904998779296875
2019-04-15,92.0999984741211,92.34249877929688,90.94499969482422,92.24349975585938,92.24349975585938,74488000,AMZN,91.80095,93.1520004272461,0.0,-0.9085006713867188
2019-04-16,92.56749725341797,93.4885025024414,92.4000015258789,93.1520004272461,93.1520004272461,60892000,AMZN,93.006065,93.24099731445312,0.0,-0.08899688720703125
2019-04-25,95.8499984741211,96.12249755859375,95.0155029296875,95.11250305175781,95.11250305175781,121982000,AMZN,94.99486,97.53150177001953,0.0,-2.4189987182617188
2019-05-01,96.65450286865234,97.18199920654297,95.52749633789062,95.57599639892578,95.57599639892578,62340000,AMZN,96.08332,95.04100036621094,-0.5349960327148438,0.0
2019-05-03,97.44999694824219,98.22000122070312,96.80000305175781,98.12300109863281,98.12300109863281,127632000,AMZN,97.53063,97.52749633789062,0.0,0.5955047607421875
2019-05-16,94.2969970703125,95.87550354003906,94.114501953125,95.37850189208984,95.37850189208984,94156000,AMZN,95.10263,93.44999694824219,0.0,1.9285049438476562
2019-05-24,91.79450225830078,92.08799743652344,90.89250183105469,91.16400146484375,91.16400146484375,67394000,AMZN,91.18228,91.82150268554688,0.657501220703125,0.0
2019-06-03,88.00050354003906,88.31449890136719,83.5999984741211,84.6344985961914,84.6344985961914,181974000,AMZN,84.81701,86.47799682617188,1.8434982299804688,0.0
2019-06-10,91.0999984741211,94.24349975585938,90.9000015258789,93.03150177001953,93.03150177001953,107420000,AMZN,92.70389,93.18499755859375,0.0,-0.15349578857421875
2019-06-19,95.39199829101562,95.97899627685547,94.62349700927734,95.43949890136719,95.43949890136719,57906000,AMZN,94.76044,95.90950012207033,0.0,-0.4700012207031392
2019-06-28,95.45500183105469,95.64700317382812,94.19999694824219,94.68150329589844,94.68150329589844,60748000,AMZN,94.51512,96.1094970703125,0.0,-1.4279937744140625
2019-07-02,95.96900177001953,96.739501953125,95.33149719238281,96.71549987792969,96.71549987792969,52918000,AMZN,96.35955,96.94999694824219,0.0,-0.2344970703125
2019-07-09,97.38999938964844,99.50050354003906,97.17400360107422,99.41500091552734,99.41500091552734,86914000,AMZN,98.54576,100.87049865722656,0.0,-1.4554977416992188
2019-07-11,101.28099822998047,101.79000091552734,99.76499938964844,100.05349731445312,100.05349731445312,86356000,AMZN,100.2856,100.55000305175781,0.4965057373046875,0.0
2019-07-16,100.52899932861328,101.31600189208984,100.06099700927734,100.49500274658203,100.49500274658203,52364000,AMZN,100.56266,99.60150146484375,-0.8935012817382812,0.0
2019-07-18,99.00050354003906,99.375,97.57749938964844,98.8949966430664,98.8949966430664,69738000,AMZN,98.62613,98.22599792480469,0.0,0.6689987182617188
2019-07-31,94.90550231933594,94.97750091552734,92.47200012207031,93.33899688720703,93.33899688720703,89414000,AMZN,93.504135,92.76599884033203,-0.572998046875,0.0
2019-08-01,93.58599853515625,94.89600372314453,92.20050048828125,92.76599884033203,92.76599884033203,94266000,AMZN,93.17803,91.16200256347656,-1.6039962768554688,0.0
2019-08-09,91.44750213623047,91.55449676513672,90.11100006103516,90.37899780273438,90.37899780273438,57596000,AMZN,90.87049,89.24600219726562,-1.13299560546875,0.0
2019-08-19,90.90399932861328,91.30000305175781,90.63050079345703,90.80599975585938,90.80599975585938,56326000,AMZN,90.49319,90.06900024414062,0.0,0.73699951171875
2019-08-22,91.4000015258789,91.47049713134766,90.00499725341797,90.23300170898438,90.23300170898438,53070000,AMZN,90.1699,87.48100280761719,0.0,2.7519989013671875
2019-08-29,89.1500015258789,89.92749786376953,88.86250305175781,89.31999969482422,89.31999969482422,60302000,AMZN,88.99579,88.81449890136719,0.0,0.5055007934570312
2019-09-03,88.5,90.04000091552734,88.4000015258789,89.49199676513672,89.49199676513672,70860000,AMZN,88.6587,90.03099822998047,0.0,-0.53900146484375
2019-09-05,91.09750366210938,92.0999984741211,90.77899932861328,92.03600311279297,92.03600311279297,66216000,AMZN,91.2542,91.67549896240234,0.0,0.360504150390625
2019-09-23,88.8499984741211,89.63500213623047,88.36599731445312,89.26499938964844,89.26499938964844,58446000,AMZN,88.76809,87.08049774169922,0.0,2.1845016479492188
2019-09-26,88.1395034790039,88.16850280761719,86.57499694824219,86.99199676513672,86.99199676513672,70736000,AMZN,87.12968,86.27249908447266,-0.7194976806640625,0.0
2019-10-04,86.3010025024414,87.02899932861328,85.96150207519531,86.98249816894531,86.98249816894531,49438000,AMZN,86.783394,86.63300323486328,0.0,0.34949493408203125
2019-10-15,87.10700225830078,88.82250213623047,87.03099822998047,88.36900329589844,88.36900329589844,62234000,AMZN,87.643684,88.87149810791016,0.0,-0.5024948120117188
2019-10-17,89.82450103759766,89.94249725341797,89.10099792480469,89.3740005493164,89.3740005493164,52948000,AMZN,88.972916,87.87550354003906,0.0,1.4984970092773438
2019-10-24,88.55449676513672,89.41699981689453,88.01349639892578,89.03900146484375,89.03900146484375,88922000,AMZN,88.385,88.06649780273438,0.0,0.972503662109375
2019-10-25,84.87750244140625,88.21050262451172,84.75,88.06649780273438,88.06649780273438,192528000,AMZN,86.25411,88.85399627685547,0.0,-0.7874984741210938
2019-11-07,90.18800354003906,90.29499816894531,89.17400360107422,89.41000366210938,89.41000366210938,53022000,AMZN,89.350784,89.29399871826172,0.0,0.11600494384765625
2019-11-08,89.39450073242188,89.49400329589844,88.7020034790039,89.29399871826172,89.29399871826172,42466000,AMZN,88.90442,88.5824966430664,0.0,0.7115020751953125
2019-11-12,88.73300170898438,89.31099700927734,88.59549713134766,88.9000015258789,88.9000015258789,40752000,AMZN,88.71428,87.65550231933594,0.0,1.2444992065429688
2019-11-13,88.66950225830078,88.75,87.36599731445312,87.65550231933594,87.65550231933594,59790000,AMZN,87.657845,87.7300033569336,0.07450103759765625,0.0
2019-11-18,86.91500091552734,87.68499755859375,86.135498046875,87.62650299072266,87.62650299072266,56790000,AMZN,87.02051,87.6395034790039,0.0,-0.01300048828125
2019-11-19,87.84950256347656,88.03399658203125,87.15149688720703,87.6395034790039,87.6395034790039,45416000,AMZN,87.58013,87.27649688720703,0.0,0.363006591796875
2019-11-29,90.88899993896484,91.2344970703125,90.03949737548828,90.04000091552734,90.04000091552734,38468000,AMZN,90.16564,89.08000183105469,-0.9599990844726562,0.0
2019-12-04,88.70050048828125,89.45449829101562,88.01100158691406,88.03450012207031,88.03450012207031,53402000,AMZN,88.10226,87.02400207519531,-1.010498046875,0.0
2019-12-10,87.37000274658203,87.53350067138672,86.75,86.96050262451172,86.96050262451172,50286000,AMZN,86.7509,87.43599700927734,0.0,-0.475494384765625
2019-12-13,88.25,88.44950103759766,87.75,88.0469970703125,88.0469970703125,54914000,AMZN,87.87638,88.46050262451172,0.0,-0.41350555419921875
2019-12-30,93.69999694824219,94.19999694824219,92.03099822998047,92.34449768066406,92.34449768066406,73494000,AMZN,92.17182,92.39199829101562,0.0,-0.0475006103515625
2019-12-31,92.0999984741211,92.66300201416016,91.61150360107422,92.39199829101562,92.39199829101562,50130000,AMZN,91.85791,94.90049743652344,0.0,-2.5084991455078125
2020-01-14,94.29399871826172,94.35549926757812,92.92749786376953,93.47200012207031,93.47200012207031,68818000,AMZN,93.52928,93.10099792480469,-0.371002197265625,0.0
2020-01-27,91.0,92.05000305175781,90.76699829101562,91.41699981689453,91.41699981689453,70570000,AMZN,91.33145,92.6624984741211,0.0,-1.2454986572265625
2020-01-28,92.0250015258789,92.90550231933594,91.5009994506836,92.6624984741211,92.6624984741211,56160000,AMZN,92.30651,92.9000015258789,0.0,-0.2375030517578125
2020-02-03,100.52999877929688,102.42500305175781,100.01249694824219,100.20999908447266,100.20999908447266,117834000,AMZN,101.07663,102.48349761962892,2.273498535156264,0.0
2020-02-04,101.49400329589844,102.98999786376953,100.76850128173828,102.4834976196289,102.4834976196289,105786000,AMZN,101.3608,101.99349975585938,0.0,0.48999786376953125
2020-02-14,107.78399658203125,107.9520034790039,106.29450225830078,106.74349975585938,106.74349975585938,52124000,AMZN,107.07741,107.78350067138672,1.0400009155273438,0.0
2020-02-20,108.65350341796875,108.8395004272461,106.37249755859375,107.65499877929688,107.65499877929688,62626000,AMZN,107.750084,104.79850006103514,-2.856498718261733,0.0
2020-02-24,100.15899658203125,101.96499633789062,99.39849853515625,100.4645004272461,100.4645004272461,130940000,AMZN,100.79577,98.63700103759766,-1.8274993896484375,0.0
2020-03-11,92.89250183105469,93.56600189208984,90.07499694824219,91.04299926757812,91.04299926757812,112496000,AMZN,91.43539,83.83049774169922,-7.212501525878906,0.0
2020-03-18,87.5,92.08300018310547,87.25,91.5,91.5,192904000,AMZN,90.48429,94.04650115966797,0.0,-2.5465011596679688
2020-03-19,93.0,97.25,91.63249969482422,94.04650115966797,94.04650115966797,207998000,AMZN,93.23618,92.30449676513672,0.0,1.74200439453125
2020-03-20,96.31549835205078,97.8499984741211,91.0364990234375,92.30449676513672,92.30449676513672,196358000,AMZN,93.00942,95.1415023803711,2.837005615234375,0.0
2020-03-23,91.38749694824219,95.97000122070312,90.5999984741211,95.1415023803711,95.1415023803711,156170000,AMZN,93.02581,97.00499725341797,0.0,-1.863494873046875
2020-03-24,97.57499694824219,97.75,95.01699829101562,97.00499725341797,97.00499725341797,142942000,AMZN,96.10833,94.29199981689455,0.0,2.7129974365234233
2020-03-25,96.03450012207031,97.51300048828125,94.28900146484375,94.29199981689453,94.29199981689453,129582000,AMZN,94.26487,97.77449798583984,0.0,-3.4824981689453125
2020-03-26,95.0999984741211,97.82450103759766,94.4645004272461,97.77449798583984,97.77449798583984,124426000,AMZN,95.5168,95.00499725341797,0.0,2.769500732421875
2020-03-30,96.1415023803711,98.68150329589844,95.61699676513672,98.19750213623047,98.19750213623047,122522000,AMZN,96.22726,97.48600006103516,0.0,0.7115020751953125
2020-04-01,96.64849853515625,97.24800109863281,94.6500015258789,95.38500213623047,95.38500213623047,82438000,AMZN,94.76197,95.94149780273436,0.0,-0.556495666503892
2020-04-14,110.02349853515625,114.5999984741211,109.31050109863281,114.16600036621094,114.16600036621094,161744000,AMZN,112.3855,115.38400268554688,0.0,-1.2180023193359375
2020-04-17,118.61650085449219,120.0,115.8010025024414,118.75,118.75,158600000,AMZN,118.70702,119.68049621582033,0.0,-0.9304962158203267
2020-05-27,120.24949645996094,120.67900085449219,116.5,120.51950073242188,120.51950073242188,101138000,AMZN,119.94318,120.05500030517578,0.0,0.46450042724609375
2020-06-02,123.3499984741211,123.67649841308594,122.2655029296875,123.62049865722656,123.62049865722656,50598000,AMZN,123.887184,123.91999816894531,0.29949951171875,0.0
2020-06-09,126.47200012207031,131.32150268554688,126.25,130.04299926757812,130.04299926757812,103520000,AMZN,129.38235,132.37249755859375,0.0,-2.329498291015625
2020-06-19,133.9040069580078,134.8715057373047,132.9499969482422,133.75050354003906,133.75050354003906,115540000,AMZN,134.38165,135.6909942626953,1.94049072265625,0.0
2020-06-25,136.9774932861328,137.81149291992188,135.60699462890625,137.72900390625,137.72900390625,59374000,AMZN,138.22734,134.64349365234375,-3.08551025390625,0.0
2020-06-26,138.7530059814453,139.1284942626953,134.39999389648438,134.64349365234375,134.64349365234375,130016000,AMZN,136.65335,134.0189971923828,-0.6244964599609375,0.0
2020-06-30,134.2534942626953,138.48150634765625,133.75149536132812,137.9409942626953,137.9409942626953,75394000,AMZN,137.17812,143.93499755859375,0.0,-5.9940032958984375
2020-07-13,162.55299377441406,167.21449279785156,153.41949462890625,155.1999969482422,155.1999969482422,154408000,AMZN,158.4093,154.1999969482422,-1.0,0.0
2020-07-21,161.62449645996094,162.0290069580078,155.28599548339844,156.9145050048828,156.9145050048828,122426000,AMZN,157.57814,154.99549865722656,-1.91900634765625,0.0
2020-08-03,159.02549743652344,159.1999969482422,155.1999969482422,155.59449768066406,155.59449768066406,101494000,AMZN,157.74097,156.94149780273438,1.3470001220703125,0.0
2020-08-19,165.15049743652344,165.7949981689453,162.8000030517578,163.0240020751953,163.0240020751953,83702000,AMZN,163.67616,164.86849975585938,1.8444976806640625,0.0
2020-08-25,164.74949645996094,167.8699951171875,163.35000610351562,167.32449340820312,167.32449340820312,79856000,AMZN,166.62595,172.09249877929688,0.0,-4.76800537109375
2020-08-26,167.5554962158203,172.58700561523438,167.22850036621094,172.09249877929688,172.09249877929688,130174000,AMZN,169.76414,170.0,0.0,2.092498779296875
2020-08-27,172.50250244140625,172.64999389648438,168.89999389648438,170.0,170.0,85296000,AMZN,169.88963,170.08999633789062,0.0,-0.089996337890625
2020-08-31,170.44949340820312,174.75,170.25,172.54800415039062,172.54800415039062,83718000,AMZN,172.09523,174.95599365234375,0.0,-2.407989501953125
2020-09-03,174.25,174.42050170898438,165.14999389648438,168.39999389648438,168.39999389648438,163222000,AMZN,169.31842,164.7310028076172,-3.6689910888671875,0.0
2020-09-10,165.36099243164062,167.4945068359375,158.52749633789062,158.7554931640625,158.7554931640625,106614000,AMZN,161.93341,155.81100463867188,-2.944488525390625,0.0
2020-09-16,158.99949645996094,159.36199951171875,153.70750427246094,153.90499877929688,153.90499877929688,90244000,AMZN,156.44441,150.43649291992188,-3.468505859375,0.0
2020-09-23,156.02149963378906,156.35000610351562,149.61900329589844,149.9929962158203,149.9929962158203,113054000,AMZN,152.84297,150.989501953125,0.9965057373046875,0.0
2020-10-13,173.39950561523438,174.61900329589844,171.21099853515625,172.18150329589844,172.18150329589844,114894000,AMZN,171.10588,168.1855010986328,0.0,3.996002197265625
2020-10-22,159.49349975585938,159.9375,156.0970001220703,158.82000732421875,158.82000732421875,84240000,AMZN,159.80196,160.22000122070312,1.399993896484375,0.0
2020-11-09,161.55149841308594,164.4499969482422,155.60549926757812,157.18699645996094,157.18699645996094,143808000,AMZN,159.94795,151.75100708007812,-5.4359893798828125,0.0
2020-11-17,159.177001953125,159.46249389648438,156.76300048828125,156.7830047607422,156.7830047607422,68894000,AMZN,158.15074,155.2729949951172,-1.510009765625,0.0
2020-12-07,157.82400512695312,159.03799438476562,157.08450317382812,157.89999389648438,157.89999389648438,55026000,AMZN,158.9981,158.864501953125,0.964508056640625,0.0
2020-12-15,159.05050659179688,159.4250030517578,156.52450561523438,158.25599670410156,158.25599670410156,66390000,AMZN,159.03532,162.04800415039062,3.7920074462890625,0.0
2020-12-22,160.14199829101562,161.10000610351562,159.00399780273438,160.3260040283203,160.3260040283203,47388000,AMZN,160.9452,159.2635040283203,-1.0625,0.0
2020-12-30,167.0500030517578,167.10499572753906,164.12350463867188,164.29249572753906,164.29249572753906,64186000,AMZN,165.10733,162.84649658203125,-1.4459991455078125,0.0
2020-12-31,163.75,164.14599609375,162.05999755859375,162.84649658203125,162.84649658203125,59144000,AMZN,164.02986,159.3314971923828,-3.5149993896484375,0.0
2021-01-12,156.0,157.10699462890625,154.3000030517578,156.04150390625,156.04150390625,70292000,AMZN,157.32973,158.29449462890625,2.25299072265625,0.0
2021-01-13,156.4219970703125,159.49749755859375,156.10400390625,158.29449462890625,158.29449462890625,66424000,AMZN,158.77003,156.37350463867188,-1.920989990234375,0.0
2021-01-19,155.35000610351562,157.25,154.8000030517578,156.03799438476562,156.03799438476562,66102000,AMZN,157.27898,163.16900634765625,7.131011962890625,0.0
2021-01-20,159.09950256347656,163.99000549316406,158.75,163.16900634765625,163.16900634765625,106196000,AMZN,161.95787,165.34950256347656,0.0,-2.1804962158203125
2021-01-25,166.4250030517578,168.1945037841797,162.15750122070312,164.6999969482422,164.6999969482422,74996000,AMZN,165.61662,166.30650329589844,1.60650634765625,0.0
2021-02-08,167.9250030517578,168.25,165.1999969482422,166.14700317382812,166.14700317382812,65148000,AMZN,166.65958,165.25,-0.897003173828125,0.0
2021-02-09,165.62449645996094,166.89999389648438,164.89199829101562,165.25,165.25,44070000,AMZN,166.65422,164.32899475097656,-0.9210052490234375,0.0
2021-02-10,165.6999969482422,165.8975067138672,162.6999969482422,164.32899475097656,164.32899475097656,63032000,AMZN,164.86464,163.10650634765625,-1.2224884033203125,0.0
2021-03-08,150.75,153.22950744628906,147.5655059814453,147.59750366210938,147.59750366210938,83700000,AMZN,150.38432,153.1425018310547,5.5449981689453125,0.0
2021-03-30,153.50050354003906,153.64999389648438,151.6999969482422,152.76449584960938,152.76449584960938,46752000,AMZN,153.72005,154.70399475097656,1.9394989013671875,0.0
2021-04-01,155.89700317382812,158.1219940185547,155.77749633789062,158.0500030517578,158.0500030517578,58806000,AMZN,158.1245,161.3365020751953,3.2864990234375,0.0
2021-04-07,161.69000244140625,165.1804962158203,161.1824951171875,163.96949768066406,163.96949768066406,66924000,AMZN,163.78668,164.96499633789062,0.0,-0.9954986572265625
2021-04-08,165.5449981689453,166.22500610351562,164.60000610351562,164.96499633789062,164.96499633789062,56242000,AMZN,165.54514,168.61000061035156,3.6450042724609375,0.0
2021-04-12,167.760498046875,169.7519989013672,167.5574951171875,168.96949768066406,168.96949768066406,65636000,AMZN,168.59052,170.0,0.0,-1.0305023193359375
2021-04-15,168.5500030517578,169.85000610351562,167.60000610351562,168.95449829101562,168.95449829101562,64672000,AMZN,169.29507,169.9720001220703,1.0175018310546875,0.0
2021-04-16,169.0,170.33999633789062,167.7794952392578,169.9720001220703,169.9720001220703,63720000,AMZN,169.50642,168.60049438476562,0.0,1.3715057373046875
2021-04-22,168.58399963378906,168.64349365234375,165.07249450683594,165.45199584960938,165.45199584960938,51612000,AMZN,166.67677,167.04400634765625,1.592010498046875,0.0
2021-04-23,165.9550018310547,168.75,165.4250030517578,167.04400634765625,167.04400634765625,63856000,AMZN,167.6021,170.4499969482422,3.4059906005859375,0.0
2021-05-03,174.2364959716797,174.33250427246094,168.63499450683594,169.32449340820312,169.32449340820312,117510000,AMZN,170.51205,165.593505859375,-3.730987548828125,0.0
2021-05-05,166.9429931640625,167.73500061035156,163.21800231933594,163.52699279785156,163.52699279785156,74226000,AMZN,166.04308,165.31849670410156,1.79150390625,0.0
2021-05-06,163.5,165.72000122070312,162.36000061035156,165.31849670410156,165.31849670410156,88954000,AMZN,165.27562,164.58050537109375,0.0,0.7379913330078125
2021-05-10,164.11599731445312,164.14999389648438,159.5,159.52450561523438,159.52450561523438,116772000,AMZN,162.1087,161.19549560546875,1.670989990234375,0.0
2021-06-07,159.8665008544922,160.39999389648438,158.61000061035156,159.90049743652344,159.90049743652344,44316000,AMZN,160.8543,163.20550537109375,3.3050079345703125,0.0
2021-06-08,161.1304931640625,163.97650146484375,160.90049743652344,163.20550537109375,163.20550537109375,68334000,AMZN,163.16539,164.0574951171875,0.0,-0.85198974609375
2021-06-15,169.1999969482422,169.84950256347656,168.15550231933594,169.156494140625,169.156494140625,48524000,AMZN,169.16737,170.7624969482422,1.6060028076171875,0.0
2021-06-16,169.60000610351562,171.3175048828125,168.02650451660156,170.7624969482422,170.7624969482422,84056000,AMZN,170.11513,174.46200561523438,0.0,-3.6995086669921875
2021-06-28,170.8000030517578,172.39999389648438,170.67550659179688,172.1945037841797,172.1945037841797,44856000,AMZN,171.94589,172.40699768066406,0.0,-0.212493896484375
2021-06-30,172.05299377441406,173.5800018310547,171.75,172.00799560546875,172.00799560546875,48080000,AMZN,172.22397,171.64849853515625,-0.3594970703125,0.0
2021-07-27,184.9250030517578,184.9250030517578,179.3074951171875,181.3195037841797,181.3195037841797,82638000,AMZN,179.7813,181.51600646972656,0.0,-0.196502685546875
2021-07-29,181.3874969482422,181.8975067138672,179.00050354003906,179.99600219726562,179.99600219726562,110400000,AMZN,178.78107,166.37950134277344,0.0,13.616500854492188
2021-08-04,168.96749877929688,169.44400024414062,167.2779998779297,167.73599243164062,167.73599243164062,43678000,AMZN,168.30353,168.79949951171875,1.063507080078125,0.0
2021-08-09,167.1804962158203,167.74400329589844,166.42599487304688,167.093505859375,167.093505859375,42964000,AMZN,168.61855,166.03399658203125,-1.05950927734375,0.0
2021-08-12,164.5,165.72549438476562,163.48350524902344,165.1750030517578,165.1750030517578,46282000,AMZN,166.50293,164.69850158691406,-0.47650146484375,0.0
2021-08-31,171.24000549316406,173.62899780273438,169.7794952392578,173.5395050048828,173.5395050048828,87128000,AMZN,171.9365,173.9499969482422,0.0,-0.410491943359375
2021-09-07,173.89999389648438,176.4044952392578,173.8470001220703,175.46449279785156,175.46449279785156,54758000,AMZN,174.6539,176.27499389648438,0.0,-0.8105010986328125
2021-09-28,167.885498046875,168.45950317382812,164.5050048828125,165.79800415039062,165.79800415039062,88616000,AMZN,167.16028,165.05599975585938,-0.74200439453125,0.0
2021-10-04,163.96949768066406,163.99949645996094,158.8125,159.48899841308594,159.48899841308594,90462000,AMZN,162.0434,161.0500030517578,1.561004638671875,0.0
2021-10-19,171.71449279785156,172.7344970703125,171.10000610351562,172.20750427246094,172.20750427246094,47722000,AMZN,171.26236,170.7530059814453,0.0,1.454498291015625
2021-10-29,165.00100708007812,168.74099731445312,163.66600036621094,168.6215057373047,168.6215057373047,129722000,AMZN,167.57626,165.90550231933594,0.0,2.71600341796875
2021-11-05,173.85000610351562,178.3125,173.8489990234375,175.94949340820312,175.94949340820312,99940000,AMZN,174.11098,174.44900512695312,0.0,1.50048828125
2021-11-09,175.7624969482422,179.68850708007812,175.07150268554688,178.81149291992188,178.81149291992188,85898000,AMZN,176.7083,174.1024932861328,0.0,4.7089996337890625
2021-11-12,174.25,177.0364990234375,172.3524932861328,176.25750732421875,176.25750732421875,53788000,AMZN,175.19331,177.28399658203125,0.0,-1.0264892578125
2021-11-15,176.85000610351562,179.69400024414062,176.29049682617188,177.28399658203125,177.28399658203125,58594000,AMZN,176.11336,177.03500366210938,0.0,0.248992919921875
2021-11-17,178.23599243164062,179.3625030517578,177.2675018310547,177.4499969482422,177.4499969482422,51206000,AMZN,176.68527,184.80299377441406,0.0,-7.352996826171875
2021-11-22,183.81900024414062,185.67300415039062,178.375,178.6284942626953,178.6284942626953,96844000,AMZN,178.21979,179.0019989013672,0.0,-0.373504638671875
2021-11-29,177.3820037841797,179.8000030517578,176.5749969482422,178.07850646972656,178.07850646972656,65312000,AMZN,178.11923,175.35350036621094,-2.725006103515625,0.0
2021-12-09,175.75,176.96949768066406,174.13949584960938,174.17100524902344,174.17100524902344,46062000,AMZN,174.67607,172.21200561523438,-1.9589996337890625,0.0
2021-12-22,169.27000427246094,172.0500030517578,168.50050354003906,171.03700256347656,171.03700256347656,55036000,AMZN,170.5849,171.06849670410156,0.0,-0.031494140625
2021-12-28,170.1824951171875,172.17599487304688,169.135498046875,170.66099548339844,170.66099548339844,54638000,AMZN,171.065,169.2010040283203,-1.459991455078125,0.0
2021-12-30,169.6999969482422,170.88800048828125,168.5240020751953,168.64450073242188,168.64450073242188,37584000,AMZN,169.87129,166.7169952392578,-1.9275054931640625,0.0
2022-01-03,167.5500030517578,170.70350646972656,166.16050720214844,170.4044952392578,170.4044952392578,63520000,AMZN,169.66275,167.52200317382812,0.0,2.8824920654296875
2022-01-21,149.9499969482422,150.89999389648438,142.07049560546875,142.64300537109375,142.64300537109375,163972000,AMZN,147.53099,144.54400634765625,1.9010009765625,0.0
2022-02-04,155.60650634765625,161.1999969482422,150.60800170898438,157.63949584960938,157.63949584960938,253456000,AMZN,156.06105,157.9355010986328,0.0,-0.2960052490234375
2022-02-07,158.52000427246094,162.6909942626953,157.25,157.9355010986328,157.9355010986328,102624000,AMZN,159.95323,161.4134979248047,3.477996826171875,0.0
2022-02-09,162.87350463867188,163.83450317382812,160.25,161.1894989013672,161.1894989013672,68786000,AMZN,164.07837,159.0034942626953,-2.186004638671875,0.0
2022-02-10,158.35000610351562,160.7165069580078,157.75,159.0034942626953,159.0034942626953,68268000,AMZN,159.38478,153.2935028076172,-5.709991455078125,0.0
2022-03-02,150.8489990234375,152.99949645996094,148.75,152.05250549316406,152.05250549316406,47334000,AMZN,152.93715,147.89849853515625,-4.1540069580078125,0.0
2022-03-07,145.44349670410156,146.09449768066406,137.41650390625,137.4530029296875,137.4530029296875,86934000,AMZN,142.05496,136.01449584960938,-1.438507080078125,0.0
2022-03-09,139.5,140.25,136.8280029296875,139.2790069580078,139.2790069580078,82656000,AMZN,139.96725,146.8175048828125,7.5384979248046875,0.0
2022-03-10,145.68499755859375,148.67449951171875,143.97799682617188,146.8175048828125,146.8175048828125,135062000,AMZN,146.6542,145.52450561523438,0.0,1.292999267578125
2022-03-15,142.85000610351562,147.98500061035156,142.0,147.3665008544922,147.3665008544922,75584000,AMZN,147.65268,153.10400390625,5.7375030517578125,0.0
2022-03-17,152.6405029296875,157.49850463867188,152.13999938964844,157.23899841308594,157.23899841308594,72934000,AMZN,155.89494,161.25050354003906,0.0,-4.011505126953125
2022-03-18,156.81300354003906,161.593994140625,156.01100158691406,161.25050354003906,161.25050354003906,102962000,AMZN,160.20882,161.4915008544922,0.0,-0.240997314453125
2022-03-25,164.0,165.36849975585938,162.25,164.77349853515625,164.77349853515625,49032000,AMZN,165.10643,168.99049377441406,4.2169952392578125,0.0
2022-03-31,166.44500732421875,166.4949951171875,162.95350646972656,162.99749755859375,162.99749755859375,59966000,AMZN,164.84796,163.55999755859375,0.5625,0.0
2022-04-01,164.14950561523438,165.82699584960938,162.3195037841797,163.55999755859375,163.55999755859375,57090000,AMZN,165.03857,168.34649658203125,4.7864990234375,0.0
2022-04-28,142.17799377441406,145.9375,140.3000030517578,144.59649658203125,144.59649658203125,117316000,AMZN,144.67249,124.28150177001955,-20.314994812011705,0.0
2022-05-06,114.8499984741211,119.05049896240234,113.08149719238281,114.77249908447266,114.77249908447266,124260000,AMZN,117.41585,108.78900146484376,-5.983497619628892,0.0
2022-05-09,111.3125,114.0,107.95700073242188,108.78900146484375,108.78900146484375,128124000,AMZN,111.47872,108.85900115966798,0.06999969482423296,0.0
2022-05-19,106.28050231933594,110.03399658203125,106.19300079345703,107.31900024414062,107.31900024414062,88142000,AMZN,107.744,107.59100341796875,0.272003173828125,0.0
2022-05-23,108.46099853515625,108.81900024414062,103.94999694824219,107.55699920654297,107.55699920654297,107798000,AMZN,106.78439,104.09999847412108,0.0,3.457000732421889
2022-05-24,104.0250015258789,105.4000015258789,101.26000213623047,104.0999984741211,104.0999984741211,102934000,AMZN,103.60639,106.7750015258789,0.0,-2.6750030517578125
2022-06-02,121.68399810791016,125.61000061035156,120.04499816894531,125.51100158691406,125.51100158691406,100560000,AMZN,123.95857,122.34999847412108,0.0,3.161003112792983
2022-06-03,124.19999694824219,124.4000015258789,121.04650115966797,122.3499984741211,122.3499984741211,97604000,AMZN,122.87578,124.79000091552733,2.440002441406236,0.0
2022-06-08,122.61000061035156,123.75,120.75,121.18000030517578,121.18000030517578,64926600,AMZN,121.559296,116.1500015258789,-5.029998779296875,0.0
2022-06-09,119.98999786376953,121.30000305175781,116.0999984741211,116.1500015258789,116.1500015258789,67029800,AMZN,118.34277,109.6500015258789,-6.5,0.0
2022-06-16,104.47000122070312,104.58000183105469,102.01000213623047,103.66000366210938,103.66000366210938,82186300,AMZN,103.54135,106.22000122070312,0.0,-2.55999755859375
2022-06-24,112.37999725341797,116.70999908447266,111.43000030517578,116.45999908447266,116.45999908447266,69867600,AMZN,115.44214,113.22000122070314,0.0,3.239997863769517
2022-07-19,115.69999694824219,118.94999694824219,114.02999877929688,118.20999908447266,118.20999908447266,60990000,AMZN,117.289856,122.7699966430664,0.0,-4.55999755859375
2022-07-22,125.01000213623047,125.5,121.3499984741211,122.41999816894531,122.41999816894531,51463800,AMZN,123.59421,121.13999938964842,-1.2799987792968892,0.0
2022-07-29,134.89999389648438,137.64999389648438,132.41000366210938,134.9499969482422,134.9499969482422,148715600,AMZN,134.73192,135.38999938964844,0.0,-0.44000244140625
